applet	go_package	alias_of	family	gnu_coreutils	vsc_named_tset	test_files	test_functions
[	cmds/test	test	GNU Coreutils	yes	no	3	32
arch	cmds/arch		GNU Coreutils	yes	no	1	2
ast	cmds/ast		Bashy/other extension	no	no	1	6
at	cmds/at		POSIX/Unix utility	no	yes	5	21
atq	cmds/atq		Bashy/other extension	no	no	1	2
atrm	cmds/atrm		Bashy/other extension	no	no	1	2
awk	cmds/awk		POSIX/Unix utility	no	yes	3	20
b2sum	cmds/b2sum		GNU Coreutils	yes	no	1	5
base32	cmds/base32		GNU Coreutils	yes	no	1	7
base64	cmds/base64		GNU Coreutils	yes	no	2	9
basename	cmds/basename		GNU Coreutils	yes	yes	1	5
basenc	cmds/basenc		GNU Coreutils	yes	no	1	7
batch	cmds/batch		POSIX/Unix utility	no	yes	1	6
browser	cmds/browser		Bashy/other extension	no	no	1	9
cal	cmds/cal		Bashy/other extension	no	no	1	6
cat	cmds/cat		GNU Coreutils	yes	yes	2	7
chcon	cmds/chcon		GNU Coreutils	yes	no	2	7
chgrp	cmds/chgrp		GNU Coreutils	yes	yes	2	15
chmod	cmds/chmod		GNU Coreutils	yes	yes	2	20
chown	cmds/chown		GNU Coreutils	yes	yes	2	14
cksum	cmds/cksum		GNU Coreutils	yes	yes	1	9
clip	cmds/clip		Bashy/other extension	no	no	1	1
cmp	cmds/cmp		POSIX/Unix utility	no	yes	1	12
comm	cmds/comm		GNU Coreutils	yes	yes	1	9
cp	cmds/cp		GNU Coreutils	yes	yes	3	30
crontab	cmds/crontab		POSIX/Unix utility	no	yes	1	10
csplit	cmds/csplit		GNU Coreutils	yes	yes	1	15
cut	cmds/cut		GNU Coreutils	yes	yes	2	10
date	cmds/date		GNU Coreutils	yes	yes	1	12
dd	cmds/dd		GNU Coreutils	yes	yes	2	36
df	cmds/df		GNU Coreutils	yes	yes	1	16
diff	cmds/diff		POSIX/Unix utility	no	yes	4	42
dir	cmds/dir		GNU Coreutils	yes	no	1	4
dircolors	cmds/dircolors		GNU Coreutils	yes	no	1	12
dirname	cmds/dirname		GNU Coreutils	yes	yes	1	4
du	cmds/du		GNU Coreutils	yes	yes	1	26
duration	cmds/duration		Bashy/other extension	no	no	1	2
echo	cmds/echo		GNU Coreutils	yes	yes	1	3
env	cmds/env		GNU Coreutils	yes	yes	4	27
expand	cmds/expand		GNU Coreutils	yes	yes	1	15
expr	cmds/expr		GNU Coreutils	yes	yes	1	8
factor	cmds/factor		GNU Coreutils	yes	no	1	3
false	cmds/false		GNU Coreutils	yes	yes	1	2
fetch	cmds/fetch		Bashy/other extension	no	no	1	6
file	cmds/file		POSIX/Unix utility	no	yes	1	4
find	cmds/find		POSIX/Unix utility	no	yes	6	48
fmt	cmds/fmt		GNU Coreutils	yes	no	1	18
fold	cmds/fold		GNU Coreutils	yes	yes	1	19
grep	cmds/grep		POSIX/Unix utility	no	yes	3	36
groups	cmds/groups		GNU Coreutils	yes	no	1	1
gunzip	cmds/gzip	gzip	Bashy/other extension	no	no	1	10
gzip	cmds/gzip		Bashy/other extension	no	no	1	10
head	cmds/head		GNU Coreutils	yes	yes	1	8
hexdump	cmds/hexdump		Bashy/other extension	no	no	1	6
hostid	cmds/hostid		GNU Coreutils	yes	no	1	1
hostname	cmds/hostname		GNU Coreutils	yes	no	1	4
iconv	cmds/iconv		POSIX/Unix utility	no	yes	1	8
id	cmds/id		GNU Coreutils	yes	yes	2	17
install	cmds/install		GNU Coreutils	yes	no	1	21
join	cmds/join		GNU Coreutils	yes	yes	1	6
jq	cmds/jq		Bashy/other extension	no	no	1	7
kill	cmds/kill		GNU Coreutils	yes	yes	3	4
link	cmds/link		GNU Coreutils	yes	no	1	3
ln	cmds/ln		GNU Coreutils	yes	yes	1	20
logname	cmds/logname		GNU Coreutils	yes	yes	1	7
ls	cmds/ls		GNU Coreutils	yes	yes	2	36
md5sum	cmds/md5sum		GNU Coreutils	yes	no	1	15
mkdir	cmds/mkdir		GNU Coreutils	yes	yes	2	16
mkfifo	cmds/mkfifo		GNU Coreutils	yes	yes	1	9
mknod	cmds/mknod		GNU Coreutils	yes	no	1	4
mktemp	cmds/mktemp		GNU Coreutils	yes	no	1	9
more	cmds/more		POSIX/Unix utility	no	yes	1	8
mv	cmds/mv		GNU Coreutils	yes	yes	1	17
ncal	cmds/cal	cal	Bashy/other extension	no	no	1	6
nice	cmds/nice		GNU Coreutils	yes	yes	5	16
nl	cmds/nl		GNU Coreutils	yes	no	1	12
nohup	cmds/nohup		GNU Coreutils	yes	yes	3	20
nproc	cmds/nproc		GNU Coreutils	yes	no	1	2
ntp	cmds/ntp		Bashy/other extension	no	no	1	4
numfmt	cmds/numfmt		GNU Coreutils	yes	no	1	14
od	cmds/od		GNU Coreutils	yes	yes	1	19
paste	cmds/paste		GNU Coreutils	yes	yes	1	7
pathchk	cmds/pathchk		GNU Coreutils	yes	yes	2	10
pinky	cmds/pinky		GNU Coreutils	yes	no	1	6
pr	cmds/pr		GNU Coreutils	yes	yes	1	21
printenv	cmds/printenv		GNU Coreutils	yes	no	1	4
printf	cmds/printf		GNU Coreutils	yes	yes	3	23
ps	cmds/ps		POSIX/Unix utility	no	yes	1	2
ptx	cmds/ptx		GNU Coreutils	yes	no	1	14
pwd	cmds/pwd		GNU Coreutils	yes	yes	1	8
readlink	cmds/readlink		GNU Coreutils	yes	no	1	7
realpath	cmds/realpath		GNU Coreutils	yes	no	1	10
rm	cmds/rm		GNU Coreutils	yes	yes	1	20
rmdir	cmds/rmdir		GNU Coreutils	yes	yes	1	20
sed	cmds/sed		POSIX/Unix utility	no	yes	3	59
seq	cmds/seq		GNU Coreutils	yes	no	1	3
sha1sum	cmds/sha1sum		GNU Coreutils	yes	no	1	4
sha224sum	cmds/sha224sum		GNU Coreutils	yes	no	1	4
sha256sum	cmds/sha256sum		GNU Coreutils	yes	no	1	4
sha384sum	cmds/sha384sum		GNU Coreutils	yes	no	1	4
sha512sum	cmds/sha512sum		GNU Coreutils	yes	no	1	4
shred	cmds/shred		GNU Coreutils	yes	no	1	4
shuf	cmds/shuf		GNU Coreutils	yes	no	1	12
sleep	cmds/sleep		GNU Coreutils	yes	yes	1	5
sntp	cmds/ntp	ntp	Bashy/other extension	no	no	1	4
sort	cmds/sort		GNU Coreutils	yes	yes	4	24
split	cmds/split		GNU Coreutils	yes	yes	1	13
stat	cmds/stat		GNU Coreutils	yes	no	1	18
stdbuf	cmds/stdbuf		GNU Coreutils	yes	no	1	5
strings	cmds/strings		POSIX/Unix utility	no	yes	1	5
stty	cmds/stty		GNU Coreutils	yes	yes	2	9
sum	cmds/sum		GNU Coreutils	yes	no	1	2
sync	cmds/sync		GNU Coreutils	yes	no	1	5
tac	cmds/tac		GNU Coreutils	yes	no	1	6
tail	cmds/tail		GNU Coreutils	yes	yes	2	19
tar	cmds/tar		Bashy/other extension	no	no	1	14
tee	cmds/tee		GNU Coreutils	yes	yes	2	17
test	cmds/test		GNU Coreutils	yes	yes	3	32
time	cmds/time		POSIX/Unix utility	no	yes	4	15
timeout	cmds/timeout		GNU Coreutils	yes	no	1	5
tokens	cmds/tokens		Bashy/other extension	no	no	1	4
touch	cmds/touch		GNU Coreutils	yes	yes	3	26
tr	cmds/tr		GNU Coreutils	yes	yes	2	16
tree	cmds/tree		Bashy/other extension	no	no	1	5
true	cmds/true		GNU Coreutils	yes	yes	1	1
truncate	cmds/truncate		GNU Coreutils	yes	no	1	6
tsort	cmds/tsort		GNU Coreutils	yes	yes	1	7
tty	cmds/tty		GNU Coreutils	yes	yes	3	13
tz	cmds/tz		Bashy/other extension	no	no	1	2
uname	cmds/uname		GNU Coreutils	yes	yes	1	6
unexpand	cmds/unexpand		GNU Coreutils	yes	yes	1	15
uniq	cmds/uniq		GNU Coreutils	yes	yes	1	4
unlink	cmds/unlink		GNU Coreutils	yes	no	1	3
uptime	cmds/uptime		GNU Coreutils	yes	no	1	5
users	cmds/users		GNU Coreutils	yes	no	1	1
uudecode	cmds/uudecode		POSIX/Unix utility	no	yes	1	4
uuencode	cmds/uuencode		POSIX/Unix utility	no	yes	1	3
vdir	cmds/vdir		GNU Coreutils	yes	no	1	4
watch	cmds/watch		Bashy/other extension	no	no	1	4
wc	cmds/wc		GNU Coreutils	yes	yes	2	20
which	cmds/which		Bashy/other extension	no	no	1	9
who	cmds/who		GNU Coreutils	yes	yes	2	11
whoami	cmds/whoami		GNU Coreutils	yes	no	1	3
why	cmds/why		Bashy/other extension	no	no	1	17
xargs	cmds/xargs		POSIX/Unix utility	no	yes	3	27
yes	cmds/yes		GNU Coreutils	yes	no	1	4
zcat	cmds/gzip	gzip	Bashy/other extension	no	no	1	10
