command	availability	go_package	effective_owner	implementation_source	parser_model	base_synopsis	conditional_synopsis	applicability	required_options	conditional_options	compatibility_scope	option_arguments	operands	operand_rules	special_tokens	stdin	environment	stdout	stderr	effects	exit_status	clause_ids	standard_source	parser_source	go_evidence	shell_evidence	shell_routing_evidence	provider_evidence	evidence_state
alias	shell_only	-	shell	shell:alias	shell_builtin	alias [alias-name[=string]...]	-	base	-	-	POSIX Issue 7 only; GNU compatibility is out of scope	-	alias-name;alias-name=string	UNVERIFIED	UNVERIFIED	UNVERIFIED	LANG;LC_ALL;LC_CTYPE;LC_MESSAGES;NLSPATH	UNVERIFIED	UNVERIFIED	UNVERIFIED	UNVERIFIED	XCU:alias:SYNOPSIS,OPTIONS,OPERANDS,ENVIRONMENT_VARIABLES,STDIN,INPUT_FILES,STDOUT,STDERR,OUTPUT_FILES,EXIT_STATUS,CONSEQUENCES_OF_ERRORS	POSIX08-2016:https://pubs.opengroup.org/onlinepubs/9699919799.2016edition/utilities/alias.html	-	-	-	bashy:internal/cli/profile_b_routing_test.go#TestProfileBRouteAlias	-	unverified
ar	external_provider	cmds/posixproviders	external_provider	pkg/posixprovider/manifest.tsv#ar	external	ar -m -a [-v] posname archive file... ; ar -m -b [-v] posname archive file... ; ar -m -i [-v] posname archive file... ; ar -r [-cuv] archive file... ; ar -r -b [-cuv] posname archive file... ; ar -r -i [-cuv] posname archive file...	development::ar -d [-v] archive file... ; xsi::ar -m [-v] archive file... ; xsi::ar -p [-v] [-s] archive [file...] ; xsi::ar -q [-cv] archive file... ; xsi::ar -r -a [-cuv] posname archive file... ; xsi::ar -t [-v] [-s] archive [file...] ; xsi::ar -x [-v] [-sCT] archive [file...]	base;xsi;development	-a;-b;-c;-i;-m;-r;-u;-v	development:-d;xsi:-C,-p,-q,-s,-t,-T,-x	POSIX Issue 7 only; GNU compatibility is out of scope	-	archive;file;posname	UNVERIFIED	UNVERIFIED	UNVERIFIED	LANG;LC_ALL;LC_CTYPE;LC_MESSAGES;LC_TIME;NLSPATH;TMPDIR;TZ	UNVERIFIED	UNVERIFIED	UNVERIFIED	UNVERIFIED	XCU:ar:SYNOPSIS,OPTIONS,OPERANDS,ENVIRONMENT_VARIABLES,STDIN,INPUT_FILES,STDOUT,STDERR,OUTPUT_FILES,EXIT_STATUS,CONSEQUENCES_OF_ERRORS	POSIX08-2016:https://pubs.opengroup.org/onlinepubs/9699919799.2016edition/utilities/ar.html	-	-	-	-	-	unverified
at	go	cmds/at	go	cmds/at	flagset	at [-m] [-f file] [-q queuename] -t time_arg ; at [-m] [-f file] [-q queuename] timespec... ; at -r at_job_id... ; at -l -q queuename ; at -l [at_job_id...]	-	base	-f;-l;-m;-q;-r;-t	-	POSIX Issue 7 only; GNU compatibility is out of scope	-f=<file>;-q=<queuename>;-t=<time_arg>	at_job_id;timespec;time;midnight;noon;now;date;today;tomorrow;increment	UNVERIFIED	UNVERIFIED	UNVERIFIED	LANG;LC_ALL;LC_CTYPE;LC_MESSAGES;NLSPATH;LC_TIME;SHELL;TZ	UNVERIFIED	UNVERIFIED	UNVERIFIED	UNVERIFIED	XCU:at:SYNOPSIS,OPTIONS,OPERANDS,ENVIRONMENT_VARIABLES,STDIN,INPUT_FILES,STDOUT,STDERR,OUTPUT_FILES,EXIT_STATUS,CONSEQUENCES_OF_ERRORS	POSIX08-2016:https://pubs.opengroup.org/onlinepubs/9699919799.2016edition/utilities/at.html	cmds/at	-	-	-	-	unverified
awk	go	cmds/awk	go	cmds/awk	custom	awk [-F sepstring] [-v assignment]... program [argument...] ; awk [-F sepstring] -f progfile [-f progfile]... [-v assignment]... [argument...]	-	base	-F;-f;-v	-	POSIX Issue 7 only; GNU compatibility is out of scope	-F=<sepstring>;-f=<progfile>;-v=<assignment>	program;argument;file;assignment	UNVERIFIED	UNVERIFIED	UNVERIFIED	LANG;LC_ALL;LC_COLLATE;LC_CTYPE;LC_MESSAGES;LC_NUMERIC;NLSPATH;PATH	UNVERIFIED	UNVERIFIED	UNVERIFIED	UNVERIFIED	XCU:awk:SYNOPSIS,OPTIONS,OPERANDS,ENVIRONMENT_VARIABLES,STDIN,INPUT_FILES,STDOUT,STDERR,OUTPUT_FILES,EXIT_STATUS,CONSEQUENCES_OF_ERRORS	POSIX08-2016:https://pubs.opengroup.org/onlinepubs/9699919799.2016edition/utilities/awk.html	cmds/awk	-	-	-	-	unverified
basename	go	cmds/basename	go	cmds/basename	flagset	basename string [suffix]	-	base	NONE	-	POSIX Issue 7 only; GNU compatibility is out of scope	NONE	string;suffix	Treat string as a pathname: apply the permitted null-string and exactly // choices; reduce an all-slash string to /; remove trailing slashes and the prefix through the last remaining slash; then remove suffix only when it is a matching non-whole suffix.	-- ends option parsing so an option-like string can be supplied as the first operand.	Not used.	LANG;LC_ALL;LC_CTYPE;LC_MESSAGES;NLSPATH	Write the resulting string followed by a newline.	Used only for diagnostic messages.	No files are modified.	0 for successful completion; greater than 0 if an error occurs.	XCU:basename:SYNOPSIS,OPTIONS,OPERANDS,ENVIRONMENT_VARIABLES,STDIN,INPUT_FILES,STDOUT,STDERR,OUTPUT_FILES,EXIT_STATUS,CONSEQUENCES_OF_ERRORS	POSIX08-2016:https://pubs.opengroup.org/onlinepubs/9699919799.2016edition/utilities/basename.html	cmds/basename	cmds/basename/basename_test.go#TestBasename;cmds/basename/basename_test.go#TestBasenameErrors;cmds/basename/basename_test.go#TestBasenameWriteErrors	-	-	-	partial
batch	go	cmds/batch	go	cmds/batch	flagset	batch	-	base	-	-	POSIX Issue 7 only; GNU compatibility is out of scope	-	-	UNVERIFIED	UNVERIFIED	UNVERIFIED	LANG;LC_ALL;LC_CTYPE;LC_MESSAGES;LC_TIME;NLSPATH;SHELL;TZ	UNVERIFIED	UNVERIFIED	UNVERIFIED	UNVERIFIED	XCU:batch:SYNOPSIS,OPTIONS,OPERANDS,ENVIRONMENT_VARIABLES,STDIN,INPUT_FILES,STDOUT,STDERR,OUTPUT_FILES,EXIT_STATUS,CONSEQUENCES_OF_ERRORS	POSIX08-2016:https://pubs.opengroup.org/onlinepubs/9699919799.2016edition/utilities/batch.html	cmds/batch	-	-	-	-	unverified
bc	external_provider	cmds/posixproviders	external_provider	pkg/posixprovider/manifest.tsv#bc	external	bc [-l] [file...]	-	base	-l	-	POSIX Issue 7 only; GNU compatibility is out of scope	-	file	UNVERIFIED	UNVERIFIED	UNVERIFIED	LANG;LC_ALL;LC_CTYPE;LC_MESSAGES;NLSPATH	UNVERIFIED	UNVERIFIED	UNVERIFIED	UNVERIFIED	XCU:bc:SYNOPSIS,OPTIONS,OPERANDS,ENVIRONMENT_VARIABLES,STDIN,INPUT_FILES,STDOUT,STDERR,OUTPUT_FILES,EXIT_STATUS,CONSEQUENCES_OF_ERRORS	POSIX08-2016:https://pubs.opengroup.org/onlinepubs/9699919799.2016edition/utilities/bc.html	-	-	-	-	-	unverified
bg	shell_only	-	shell	shell:bg	shell_builtin	-	optional::bg [job_id...]	optional	-	-	POSIX Issue 7 only; GNU compatibility is out of scope	-	job_id	UNVERIFIED	UNVERIFIED	UNVERIFIED	LANG;LC_ALL;LC_CTYPE;LC_MESSAGES;NLSPATH	UNVERIFIED	UNVERIFIED	UNVERIFIED	UNVERIFIED	XCU:bg:SYNOPSIS,OPTIONS,OPERANDS,ENVIRONMENT_VARIABLES,STDIN,INPUT_FILES,STDOUT,STDERR,OUTPUT_FILES,EXIT_STATUS,CONSEQUENCES_OF_ERRORS	POSIX08-2016:https://pubs.opengroup.org/onlinepubs/9699919799.2016edition/utilities/bg.html	-	-	-	bashy:internal/cli/profile_b_routing_test.go#TestProfileBRouteBg	-	unverified
cat	go	cmds/cat	go	cmds/cat	flagset	cat [-u] [file...]	-	base	-u	-	POSIX Issue 7 only; GNU compatibility is out of scope	NONE	file	Read file operands in order; no operands selects standard input; every - operand reads the same continuing standard-input stream; -u writes each byte without delay; any input file type is accepted.	-- ends option parsing; a file operand of - selects standard input and may occur more than once.	Used when no file operands are given and at each - operand, without closing or reopening the stream.	LANG;LC_ALL;LC_CTYPE;LC_MESSAGES;NLSPATH	Write exactly the sequence of bytes read from the inputs and nothing else; the implementation may reject a regular output file that is also an input file.	Used only for diagnostic messages.	Reads inputs without modifying them; output is standard output only.	0 only when all input files are output successfully; greater than 0 if an error occurs.	XCU:cat:SYNOPSIS,OPTIONS,OPERANDS,ENVIRONMENT_VARIABLES,STDIN,INPUT_FILES,STDOUT,STDERR,OUTPUT_FILES,EXIT_STATUS,CONSEQUENCES_OF_ERRORS	POSIX08-2016:https://pubs.opengroup.org/onlinepubs/9699919799.2016edition/utilities/cat.html	cmds/cat	cmds/cat/cat_test.go#TestCat;cmds/cat/cat_test.go#TestCatFiles;cmds/cat/cat_test.go#TestCatUnbufferedFlushesBeforeEOF;cmds/cat/cat_test.go#TestCatErrors;cmds/cat/cat_test.go#TestCatSameFile;cmds/cat/cat_test.go#TestCatWriteError;cmds/cat/cat_fifo_test.go#TestCatFIFOSymlink	-	-	-	partial
cd	shell_only	-	shell	shell:cd	shell_builtin	cd [-L|-P] [directory] ; cd -	-	base	-L;-P	-	POSIX Issue 7 only; GNU compatibility is out of scope	-	directory;-	UNVERIFIED	UNVERIFIED	UNVERIFIED	CDPATH;HOME;LANG;LC_ALL;LC_CTYPE;LC_MESSAGES;NLSPATH;OLDPWD;PWD	UNVERIFIED	UNVERIFIED	UNVERIFIED	UNVERIFIED	XCU:cd:SYNOPSIS,OPTIONS,OPERANDS,ENVIRONMENT_VARIABLES,STDIN,INPUT_FILES,STDOUT,STDERR,OUTPUT_FILES,EXIT_STATUS,CONSEQUENCES_OF_ERRORS	POSIX08-2016:https://pubs.opengroup.org/onlinepubs/9699919799.2016edition/utilities/cd.html	-	-	-	bashy:internal/cli/profile_b_routing_test.go#TestProfileBRouteCd	-	unverified
chgrp	go	cmds/chgrp	go	cmds/chgrp	flagset	chgrp [-h] group file... ; chgrp -R [-H|-L|-P] group file...	-	base	-h;-H;-L;-P;-R	-	POSIX Issue 7 only; GNU compatibility is out of scope	-	group;file	UNVERIFIED	UNVERIFIED	UNVERIFIED	LANG;LC_ALL;LC_CTYPE;LC_MESSAGES;NLSPATH	UNVERIFIED	UNVERIFIED	UNVERIFIED	UNVERIFIED	XCU:chgrp:SYNOPSIS,OPTIONS,OPERANDS,ENVIRONMENT_VARIABLES,STDIN,INPUT_FILES,STDOUT,STDERR,OUTPUT_FILES,EXIT_STATUS,CONSEQUENCES_OF_ERRORS	POSIX08-2016:https://pubs.opengroup.org/onlinepubs/9699919799.2016edition/utilities/chgrp.html	cmds/chgrp	-	-	-	-	unverified
chmod	go	cmds/chmod	go	cmds/chmod	flagset	chmod [-R] mode file...	-	base	-R	-	POSIX Issue 7 only; GNU compatibility is out of scope	-	mode;file	UNVERIFIED	UNVERIFIED	UNVERIFIED	LANG;LC_ALL;LC_CTYPE;LC_MESSAGES;NLSPATH	UNVERIFIED	UNVERIFIED	UNVERIFIED	UNVERIFIED	XCU:chmod:SYNOPSIS,OPTIONS,OPERANDS,ENVIRONMENT_VARIABLES,STDIN,INPUT_FILES,STDOUT,STDERR,OUTPUT_FILES,EXIT_STATUS,CONSEQUENCES_OF_ERRORS	POSIX08-2016:https://pubs.opengroup.org/onlinepubs/9699919799.2016edition/utilities/chmod.html	cmds/chmod	-	-	-	-	unverified
chown	go	cmds/chown	go	cmds/chown	flagset	chown [-h] owner[:group] file... ; chown -R [-H|-L|-P] owner[:group] file...	-	base	-h;-H;-L;-P;-R	-	POSIX Issue 7 only; GNU compatibility is out of scope	-	owner[:group];file	UNVERIFIED	UNVERIFIED	UNVERIFIED	LANG;LC_ALL;LC_CTYPE;LC_MESSAGES;NLSPATH	UNVERIFIED	UNVERIFIED	UNVERIFIED	UNVERIFIED	XCU:chown:SYNOPSIS,OPTIONS,OPERANDS,ENVIRONMENT_VARIABLES,STDIN,INPUT_FILES,STDOUT,STDERR,OUTPUT_FILES,EXIT_STATUS,CONSEQUENCES_OF_ERRORS	POSIX08-2016:https://pubs.opengroup.org/onlinepubs/9699919799.2016edition/utilities/chown.html	cmds/chown	-	-	-	-	unverified
cksum	go	cmds/cksum	go	cmds/cksum	flagset	cksum [file...]	-	base	NONE	-	POSIX Issue 7 only; GNU compatibility is out of scope	NONE	file	For every operand in order, calculate the Issue 7 Ethernet-polynomial CRC including the encoded file length and count its octets; no operands selects standard input; process later operands after an earlier error.	-- ends option parsing; this implementation treats a file operand of - as standard input.	Used when no file operand is supplied and for each - operand; otherwise not used.	LANG;LC_ALL;LC_CTYPE;LC_MESSAGES;NLSPATH	For each successful named file write checksum, octet count, pathname, and newline separated by spaces; omit pathname and its leading space for no-operand standard input.	Used only for diagnostic messages.	Reads inputs without modifying them; output is standard output only.	0 only when all files are processed successfully; greater than 0 if an error occurs.	XCU:cksum:SYNOPSIS,OPTIONS,OPERANDS,ENVIRONMENT_VARIABLES,STDIN,INPUT_FILES,STDOUT,STDERR,OUTPUT_FILES,EXIT_STATUS,CONSEQUENCES_OF_ERRORS	POSIX08-2016:https://pubs.opengroup.org/onlinepubs/9699919799.2016edition/utilities/cksum.html	cmds/cksum	cmds/cksum/cksum_test.go#TestCKSumStdinAndFiles;cmds/cksum/cksum_test.go#TestCKSumErrors;cmds/cksum/cksum_test.go#TestCKSumReportsStandardOutputWriteError	-	-	-	partial
cmp	go	cmds/cmp	go	cmds/cmp	flagset	cmp [-l|-s] file1 file2	-	base	-l;-s	-	POSIX Issue 7 only; GNU compatibility is out of scope	NONE	file1;file2	Compare file1 and file2 byte by byte from the beginning, numbering bytes and lines from 1; a - operand reads standard input; identical files produce no output; GNU-diffutils operand extensions (an omitted file2 defaulting to - and trailing SKIP1/SKIP2 skips) are accepted beyond the two-operand Issue 7 synopsis.	-- ends option parsing; a file operand of - selects standard input, accepted for at most one operand (cmp - - is refused).	Used only when a file operand is -.	LANG;LC_ALL;LC_CTYPE;LC_MESSAGES;NLSPATH	"Default mode writes ""%s %s differ: char %d, line %d"" for the first difference; -l lists every difference as ""%d %o %o"" per line, exactly in POSIX mode (POSIXLY_CORRECT) and with GNU-diffutils column alignment otherwise; -s writes nothing."	"Used only for diagnostic messages; a shorter identical-prefix file yields ""cmp: EOF on %s"" plus blank-led additional info in default and -l modes."	Reads inputs without modifying them; no output files.	0 files identical; 1 files differ; greater than 1 on error.	XCU:cmp:SYNOPSIS,OPTIONS,OPERANDS,ENVIRONMENT_VARIABLES,STDIN,INPUT_FILES,STDOUT,STDERR,OUTPUT_FILES,EXIT_STATUS,CONSEQUENCES_OF_ERRORS	POSIX08-2016:https://pubs.opengroup.org/onlinepubs/9699919799.2016edition/utilities/cmp.html	cmds/cmp	cmds/cmp/cmp_test.go#TestCmpIdentical;cmds/cmp/cmp_test.go#TestCmpDiffer;cmds/cmp/cmp_test.go#TestCmpVerbose;cmds/cmp/cmp_test.go#TestCmpSilent;cmds/cmp/cmp_test.go#TestCmpEOF;cmds/cmp/cmp_test.go#TestCmpRejectsRepeatedStandardInput;cmds/cmp/cmp_test.go#TestCmpErrors;cmds/cmp/cmp_posix_test.go#TestCmpVerbosePOSIXModeFormat;cmds/cmp/cmp_posix_test.go#TestCmpVerboseEOFDiagnostic	-	-	-	partial
comm	go	cmds/comm	go	cmds/comm	flagset	comm [-123] file1 file2	-	base	-1;-2;-3	-	POSIX Issue 7 only; GNU compatibility is out of scope	-	file1;file2	UNVERIFIED	UNVERIFIED	UNVERIFIED	LANG;LC_ALL;LC_COLLATE;LC_CTYPE;LC_MESSAGES;NLSPATH	UNVERIFIED	UNVERIFIED	UNVERIFIED	UNVERIFIED	XCU:comm:SYNOPSIS,OPTIONS,OPERANDS,ENVIRONMENT_VARIABLES,STDIN,INPUT_FILES,STDOUT,STDERR,OUTPUT_FILES,EXIT_STATUS,CONSEQUENCES_OF_ERRORS	POSIX08-2016:https://pubs.opengroup.org/onlinepubs/9699919799.2016edition/utilities/comm.html	cmds/comm	-	-	-	-	unverified
command	shell_only	-	shell	shell:command	shell_builtin	command [-p] command_name [argument...] ; command [-p][-v|-V] command_name	-	base	-p;-v;-V	-	POSIX Issue 7 only; GNU compatibility is out of scope	-	argument;command_name	UNVERIFIED	UNVERIFIED	UNVERIFIED	LANG;LC_ALL;LC_CTYPE;LC_MESSAGES;NLSPATH;PATH	UNVERIFIED	UNVERIFIED	UNVERIFIED	UNVERIFIED	XCU:command:SYNOPSIS,OPTIONS,OPERANDS,ENVIRONMENT_VARIABLES,STDIN,INPUT_FILES,STDOUT,STDERR,OUTPUT_FILES,EXIT_STATUS,CONSEQUENCES_OF_ERRORS	POSIX08-2016:https://pubs.opengroup.org/onlinepubs/9699919799.2016edition/utilities/command.html	-	-	-	bashy:internal/cli/profile_b_routing_test.go#TestProfileBRouteCommand	-	unverified
cp	go	cmds/cp	go	cmds/cp	flagset	cp [-Pfip] source_file target_file ; cp [-Pfip] source_file... target ; cp -R [-H|-L|-P] [-fip] source_file... target	-	base	-f;-H;-i;-L;-P;-p;-R	-	POSIX Issue 7 only; GNU compatibility is out of scope	-	source_file;target_file;target	UNVERIFIED	UNVERIFIED	UNVERIFIED	LANG;LC_ALL;LC_COLLATE;LC_CTYPE;LC_MESSAGES;NLSPATH	UNVERIFIED	UNVERIFIED	UNVERIFIED	UNVERIFIED	XCU:cp:SYNOPSIS,OPTIONS,OPERANDS,ENVIRONMENT_VARIABLES,STDIN,INPUT_FILES,STDOUT,STDERR,OUTPUT_FILES,EXIT_STATUS,CONSEQUENCES_OF_ERRORS	POSIX08-2016:https://pubs.opengroup.org/onlinepubs/9699919799.2016edition/utilities/cp.html	cmds/cp	-	-	-	-	unverified
crontab	go	cmds/crontab	go	cmds/crontab	flagset	crontab [file]	optional::crontab [-e|-l|-r]	base;optional	-	optional:-e,-l,-r	POSIX Issue 7 only; GNU compatibility is out of scope	-	file	UNVERIFIED	UNVERIFIED	UNVERIFIED	EDITOR;LANG;LC_ALL;LC_CTYPE;LC_MESSAGES;NLSPATH	UNVERIFIED	UNVERIFIED	UNVERIFIED	UNVERIFIED	XCU:crontab:SYNOPSIS,OPTIONS,OPERANDS,ENVIRONMENT_VARIABLES,STDIN,INPUT_FILES,STDOUT,STDERR,OUTPUT_FILES,EXIT_STATUS,CONSEQUENCES_OF_ERRORS	POSIX08-2016:https://pubs.opengroup.org/onlinepubs/9699919799.2016edition/utilities/crontab.html	cmds/crontab	-	-	-	-	unverified
csplit	go	cmds/csplit	go	cmds/csplit	flagset	csplit [-ks] [-f prefix] [-n number] file arg...	-	base	-f;-k;-n;-s	-	POSIX Issue 7 only; GNU compatibility is out of scope	-f=<prefix>;-n=<number>	file;/rexp/[offset];%rexp%[offset];line_no;{num}	UNVERIFIED	UNVERIFIED	UNVERIFIED	LANG;LC_ALL;LC_COLLATE;LC_CTYPE;LC_MESSAGES;NLSPATH	UNVERIFIED	UNVERIFIED	UNVERIFIED	UNVERIFIED	XCU:csplit:SYNOPSIS,OPTIONS,OPERANDS,ENVIRONMENT_VARIABLES,STDIN,INPUT_FILES,STDOUT,STDERR,OUTPUT_FILES,EXIT_STATUS,CONSEQUENCES_OF_ERRORS	POSIX08-2016:https://pubs.opengroup.org/onlinepubs/9699919799.2016edition/utilities/csplit.html	cmds/csplit	-	-	-	-	unverified
ctags	external_provider	cmds/posixproviders	external_provider	pkg/posixprovider/manifest.tsv#ctags	external	ctags -x pathname...	development::ctags [-a] [-f tagsfile] pathname...	base;development	-x	development:-a,-f	POSIX Issue 7 only; GNU compatibility is out of scope	-f=<tagsfile>	file.c;file.h;file.f	UNVERIFIED	UNVERIFIED	UNVERIFIED	LANG;LC_ALL;LC_COLLATE;LC_CTYPE;LC_MESSAGES;NLSPATH	UNVERIFIED	UNVERIFIED	UNVERIFIED	UNVERIFIED	XCU:ctags:SYNOPSIS,OPTIONS,OPERANDS,ENVIRONMENT_VARIABLES,STDIN,INPUT_FILES,STDOUT,STDERR,OUTPUT_FILES,EXIT_STATUS,CONSEQUENCES_OF_ERRORS	POSIX08-2016:https://pubs.opengroup.org/onlinepubs/9699919799.2016edition/utilities/ctags.html	-	-	-	-	-	unverified
cut	go	cmds/cut	go	cmds/cut	flagset	cut -b list [-n] [file...] ; cut -c list [file...] ; cut -f list [-d delim] [-s] [file...]	-	base	-b;-c;-d;-f;-n;-s	-	POSIX Issue 7 only; GNU compatibility is out of scope	-b=<list>;-c=<list>;-d=<delim>;-f=<list>	file	UNVERIFIED	UNVERIFIED	UNVERIFIED	LANG;LC_ALL;LC_CTYPE;LC_MESSAGES;NLSPATH	UNVERIFIED	UNVERIFIED	UNVERIFIED	UNVERIFIED	XCU:cut:SYNOPSIS,OPTIONS,OPERANDS,ENVIRONMENT_VARIABLES,STDIN,INPUT_FILES,STDOUT,STDERR,OUTPUT_FILES,EXIT_STATUS,CONSEQUENCES_OF_ERRORS	POSIX08-2016:https://pubs.opengroup.org/onlinepubs/9699919799.2016edition/utilities/cut.html	cmds/cut	-	-	-	-	unverified
date	go	cmds/date	go	cmds/date	flagset	date [-u] [+format]	xsi::date [-u] mmddhhmm[[cc]yy]	base;xsi	-u	-	POSIX Issue 7 only; GNU compatibility is out of scope	NONE	+format;mmddhhmm[[cc]yy]	A leading + marks the format operand: conversion specifications (all Issue 7 specifiers including the %E/%O modified forms) are replaced and other characters copied, newline-terminated; the XSI mmddhhmm[[cc]yy] set-date operand is recognized and refused loudly as unsupported without writing to standard output.	%% literal percent; %n newline; %t tab; E and O modifier prefixes render as the unmodified conversion; an unknown conversion specification is copied literally.	Not used.	LANG;LC_ALL;LC_CTYPE;LC_MESSAGES;LC_TIME;NLSPATH;TZ	"With no operand, the POSIX default format ""+%a %b %e %H:%M:%S %Z %Y""; with +format, the expanded format; always newline-terminated."	Used only for diagnostic messages.	Read-only: the base form never modifies system state; -u formats as if TZ were UTC0, otherwise TZ from the invocation environment selects the timezone.	0 when the date was written successfully; greater than 0 if an error occurred, including the refused XSI set form.	XCU:date:SYNOPSIS,OPTIONS,OPERANDS,ENVIRONMENT_VARIABLES,STDIN,INPUT_FILES,STDOUT,STDERR,OUTPUT_FILES,EXIT_STATUS,CONSEQUENCES_OF_ERRORS	POSIX08-2016:https://pubs.opengroup.org/onlinepubs/9699919799.2016edition/utilities/date.html	cmds/date	cmds/date/date_test.go#TestDateFormats;cmds/date/date_test.go#TestDateAlternativeModifiers;cmds/date/date_test.go#TestDateTZ;cmds/date/date_test.go#TestDateLCTimePrecedence;cmds/date/date_test.go#TestDateDefaultShape;cmds/date/date_test.go#TestDateXSISetDateOperandRefusedLoudly;cmds/date/date_test.go#TestDateErrors;cmds/date/date_test.go#TestDateInvalidUsageDiagnostics;cmds/date/date_test.go#TestDateWriteErrorDiagnostic	-	-	-	partial
dd	go	cmds/dd	go	cmds/dd	custom	dd [operand...]	-	base	-	-	POSIX Issue 7 only; GNU compatibility is out of scope	-	if=file;of=file;ibs=expr;obs=expr;bs=expr;cbs=expr;skip=n;seek=n;count=n;conv=value[,value ...];ascii;ebcdic;ibm;block;unblock;lcase;ucase;swab;noerror;notrunc;sync	UNVERIFIED	UNVERIFIED	UNVERIFIED	LANG;LC_ALL;LC_CTYPE;LC_MESSAGES;NLSPATH	UNVERIFIED	UNVERIFIED	UNVERIFIED	UNVERIFIED	XCU:dd:SYNOPSIS,OPTIONS,OPERANDS,ENVIRONMENT_VARIABLES,STDIN,INPUT_FILES,STDOUT,STDERR,OUTPUT_FILES,EXIT_STATUS,CONSEQUENCES_OF_ERRORS	POSIX08-2016:https://pubs.opengroup.org/onlinepubs/9699919799.2016edition/utilities/dd.html	cmds/dd	-	-	-	-	unverified
df	go	cmds/df	go	cmds/df	flagset	-	xsi::df [-k] [-P|-t] [file...]	xsi	-	xsi:-k,-P,-t	POSIX Issue 7 only; GNU compatibility is out of scope	-	file	UNVERIFIED	UNVERIFIED	UNVERIFIED	LANG;LC_ALL;LC_CTYPE;LC_MESSAGES;NLSPATH	UNVERIFIED	UNVERIFIED	UNVERIFIED	UNVERIFIED	XCU:df:SYNOPSIS,OPTIONS,OPERANDS,ENVIRONMENT_VARIABLES,STDIN,INPUT_FILES,STDOUT,STDERR,OUTPUT_FILES,EXIT_STATUS,CONSEQUENCES_OF_ERRORS	POSIX08-2016:https://pubs.opengroup.org/onlinepubs/9699919799.2016edition/utilities/df.html	cmds/df	-	-	-	-	unverified
diff	go	cmds/diff	go	cmds/diff	flagset	diff [-c|-e|-f|-u|-C n|-U n] [-br] file1 file2	-	base	-b;-c;-C;-e;-f;-r;-u;-U	-	POSIX Issue 7 only; GNU compatibility is out of scope	-C=<n>;-U=<n>	file1, file2	UNVERIFIED	UNVERIFIED	UNVERIFIED	LANG;LC_ALL;LC_CTYPE;LC_MESSAGES;LC_TIME;NLSPATH;TZ	UNVERIFIED	UNVERIFIED	UNVERIFIED	0 no differences; 1 differences found; greater than 1 on error.	XCU:diff:SYNOPSIS,OPTIONS,OPERANDS,ENVIRONMENT_VARIABLES,STDIN,INPUT_FILES,STDOUT,STDERR,OUTPUT_FILES,EXIT_STATUS,CONSEQUENCES_OF_ERRORS	POSIX08-2016:https://pubs.opengroup.org/onlinepubs/9699919799.2016edition/utilities/diff.html	cmds/diff	-	-	-	-	unverified
dirname	go	cmds/dirname	go	cmds/dirname	flagset	dirname string	-	base	-	-	POSIX Issue 7 only; GNU compatibility is out of scope	-	string	UNVERIFIED	UNVERIFIED	UNVERIFIED	LANG;LC_ALL;LC_CTYPE;LC_MESSAGES;NLSPATH	UNVERIFIED	UNVERIFIED	UNVERIFIED	UNVERIFIED	XCU:dirname:SYNOPSIS,OPTIONS,OPERANDS,ENVIRONMENT_VARIABLES,STDIN,INPUT_FILES,STDOUT,STDERR,OUTPUT_FILES,EXIT_STATUS,CONSEQUENCES_OF_ERRORS	POSIX08-2016:https://pubs.opengroup.org/onlinepubs/9699919799.2016edition/utilities/dirname.html	cmds/dirname	-	-	-	-	unverified
du	go	cmds/du	go	cmds/du	flagset	du [-a|-s] [-kx] [-H|-L] [file...]	-	base	-a;-H;-k;-L;-s;-x	-	POSIX Issue 7 only; GNU compatibility is out of scope	-	file	UNVERIFIED	UNVERIFIED	UNVERIFIED	LANG;LC_ALL;LC_CTYPE;LC_MESSAGES;NLSPATH	UNVERIFIED	UNVERIFIED	UNVERIFIED	UNVERIFIED	XCU:du:SYNOPSIS,OPTIONS,OPERANDS,ENVIRONMENT_VARIABLES,STDIN,INPUT_FILES,STDOUT,STDERR,OUTPUT_FILES,EXIT_STATUS,CONSEQUENCES_OF_ERRORS	POSIX08-2016:https://pubs.opengroup.org/onlinepubs/9699919799.2016edition/utilities/du.html	cmds/du	-	-	-	-	unverified
echo	go	cmds/echo	shell	shell:echo	shell_builtin	echo [string...]	-	base	-	-	POSIX Issue 7 only; GNU compatibility is out of scope	-	string;\a;\b;\c;\f;\n;\r;\t;\v;\\;\0num	Zero or more string operands are separated by one space in output; XSI escape sequences in operands are interpreted.	The operand -- is data: echo does not recognize it as the Guideline 10 end-of-options delimiter. A lone - is also a string operand.	Not used.	LANG;LC_ALL;LC_CTYPE;LC_MESSAGES;NLSPATH	Write the string operands separated by single spaces and followed by a newline; with no operands, write only a newline. XSI escape processing can suppress that newline with \c.	Used only for diagnostic messages.	stdout_only	0 for successful completion; greater than 0 if an error occurs.	XCU:echo:SYNOPSIS,OPTIONS,OPERANDS,ENVIRONMENT_VARIABLES,STDIN,INPUT_FILES,STDOUT,STDERR,OUTPUT_FILES,EXIT_STATUS,CONSEQUENCES_OF_ERRORS	POSIX08-2016:https://pubs.opengroup.org/onlinepubs/9699919799.2016edition/utilities/echo.html	-	-	-	bashy:internal/cli/profile_b_routing_test.go#TestProfileBRouteEcho	-	unverified
ed	external_provider	cmds/posixproviders	external_provider	pkg/posixprovider/manifest.tsv#ed	external	ed [-p string] [-s] [file]	-	base	-p;-s	-	POSIX Issue 7 only; GNU compatibility is out of scope	-p=<string>	file	UNVERIFIED	UNVERIFIED	UNVERIFIED	HOME;LANG;LC_ALL;LC_COLLATE;LC_CTYPE;LC_MESSAGES;NLSPATH	UNVERIFIED	UNVERIFIED	UNVERIFIED	UNVERIFIED	XCU:ed:SYNOPSIS,OPTIONS,OPERANDS,ENVIRONMENT_VARIABLES,STDIN,INPUT_FILES,STDOUT,STDERR,OUTPUT_FILES,EXIT_STATUS,CONSEQUENCES_OF_ERRORS	POSIX08-2016:https://pubs.opengroup.org/onlinepubs/9699919799.2016edition/utilities/ed.html	-	-	-	-	-	unverified
env	go	cmds/env	go	cmds/env	flagset	env [-i] [name=value]... [utility [argument...]]	-	base	-i	-	POSIX Issue 7 only; GNU compatibility is out of scope	NONE	name=value;utility;argument	Start with the inherited environment or, under -i, an empty environment; apply leading name=value operands in order; the first non-assignment names the utility and all later operands are its arguments; search with the resulting PATH.	-- ends env option parsing; after the first non-option operand all remaining strings belong to the assignment or utility operand sequence; Issue 7 leaves a first argument of - unspecified.	Not read by env; when utility is present, pass standard input through to that utility.	LANG;LC_ALL;LC_CTYPE;LC_MESSAGES;NLSPATH;PATH	With no utility, write each resulting name=value entry followed by a newline; with a utility, env writes nothing and passes through the utility standard output.	Used only for env diagnostics; an invoked utility inherits standard error.	Writes the resulting environment or invokes utility directly with that environment and the supplied arguments.	With utility, return its exit status; otherwise 0 on success, 1-125 for an env error, 126 when utility is found but cannot be invoked, and 127 when it cannot be found.	XCU:env:SYNOPSIS,OPTIONS,OPERANDS,ENVIRONMENT_VARIABLES,STDIN,INPUT_FILES,STDOUT,STDERR,OUTPUT_FILES,EXIT_STATUS,CONSEQUENCES_OF_ERRORS	POSIX08-2016:https://pubs.opengroup.org/onlinepubs/9699919799.2016edition/utilities/env.html	cmds/env	cmds/env/env_test.go#TestEnv;cmds/env/env_test.go#TestEnvRunsCommandWithModifiedEnvironment;cmds/env/env_test.go#TestEnvCommandStdioAndExitStatus;cmds/env/env_test.go#TestEnvCommandNotFoundAndNotExecutable;cmds/env/env_test.go#TestEnvWriteErrorDiagnostic;cmds/env/env_exec_test.go#TestEnvExecPassesArgvVerbatimWithoutShell;cmds/env/env_exec_test.go#TestEnvExecChildEnvironmentOrdering;cmds/env/env_exec_test.go#TestEnvExecStdioPassthroughAndSilence;cmds/env/env_exec_test.go#TestEnvExecEmptyPathSearchesWorkingDirectoryOnly;cmds/env/env_exec_test.go#TestEnvDoubleDashEndsOptions	-	-	-	partial
ex	external_provider	cmds/posixproviders	external_provider	pkg/posixprovider/manifest.tsv#ex	external	-	optional::ex [-rR] [-s|-v] [-c command] [-t tagstring] [-w size] [file...]	optional	-	optional:-c,-r,-R,-s,-t,-v,-w	POSIX Issue 7 only; GNU compatibility is out of scope	-c=<command>;-t=<tagstring>;-w=<size>	file	UNVERIFIED	UNVERIFIED	UNVERIFIED	COLUMNS;EXINIT;HOME;LANG;LC_ALL;LC_COLLATE;LC_CTYPE;LC_MESSAGES;LINES;NLSPATH;PATH;SHELL;TERM	UNVERIFIED	UNVERIFIED	UNVERIFIED	UNVERIFIED	XCU:ex:SYNOPSIS,OPTIONS,OPERANDS,ENVIRONMENT_VARIABLES,STDIN,INPUT_FILES,STDOUT,STDERR,OUTPUT_FILES,EXIT_STATUS,CONSEQUENCES_OF_ERRORS	POSIX08-2016:https://pubs.opengroup.org/onlinepubs/9699919799.2016edition/utilities/ex.html	-	-	-	-	-	unverified
expand	go	cmds/expand	go	cmds/expand	flagset	expand [-t tablist] [file...]	-	base	-t	-	POSIX Issue 7 only; GNU compatibility is out of scope	-t=<tablist>	file	UNVERIFIED	UNVERIFIED	UNVERIFIED	LANG;LC_ALL;LC_CTYPE;LC_MESSAGES;NLSPATH	UNVERIFIED	UNVERIFIED	UNVERIFIED	UNVERIFIED	XCU:expand:SYNOPSIS,OPTIONS,OPERANDS,ENVIRONMENT_VARIABLES,STDIN,INPUT_FILES,STDOUT,STDERR,OUTPUT_FILES,EXIT_STATUS,CONSEQUENCES_OF_ERRORS	POSIX08-2016:https://pubs.opengroup.org/onlinepubs/9699919799.2016edition/utilities/expand.html	cmds/expand	-	-	-	-	unverified
expr	go	cmds/expr	go	cmds/expr	custom	expr operand...	-	base	-	-	POSIX Issue 7 only; GNU compatibility is out of scope	-	operand	UNVERIFIED	UNVERIFIED	UNVERIFIED	LANG;LC_ALL;LC_COLLATE;LC_CTYPE;LC_MESSAGES;NLSPATH	UNVERIFIED	UNVERIFIED	UNVERIFIED	0 non-null/non-zero result; 1 null/zero result; greater than 1 on error.	XCU:expr:SYNOPSIS,OPTIONS,OPERANDS,ENVIRONMENT_VARIABLES,STDIN,INPUT_FILES,STDOUT,STDERR,OUTPUT_FILES,EXIT_STATUS,CONSEQUENCES_OF_ERRORS	POSIX08-2016:https://pubs.opengroup.org/onlinepubs/9699919799.2016edition/utilities/expr.html	cmds/expr	-	-	-	-	unverified
false	go	cmds/false	shell	shell:false	shell_builtin	false	-	base	-	-	POSIX Issue 7 only; GNU compatibility is out of scope	-	-	No operands are specified.	UNVERIFIED	Not used.	-	Not used.	Not used.	status_only	Always greater than 0.	XCU:false:SYNOPSIS,OPTIONS,OPERANDS,ENVIRONMENT_VARIABLES,STDIN,INPUT_FILES,STDOUT,STDERR,OUTPUT_FILES,EXIT_STATUS,CONSEQUENCES_OF_ERRORS	POSIX08-2016:https://pubs.opengroup.org/onlinepubs/9699919799.2016edition/utilities/false.html	-	-	-	bashy:internal/cli/profile_b_routing_test.go#TestProfileBRouteFalse	-	unverified
fc	shell_only	-	shell	shell:fc	shell_builtin	fc -l [-nr] [first [last]] ; fc -s [old=new] [first]	optional::fc [-r] [-e editor] [first [last]]	base;optional	-l;-n;-r;-s	optional:-e	POSIX Issue 7 only; GNU compatibility is out of scope	-e=<editor>	first, last;[+]number;-number;string;old=new	UNVERIFIED	UNVERIFIED	UNVERIFIED	FCEDIT;HISTFILE;HISTSIZE;LANG;LC_ALL;LC_CTYPE;LC_MESSAGES;NLSPATH	UNVERIFIED	UNVERIFIED	UNVERIFIED	UNVERIFIED	XCU:fc:SYNOPSIS,OPTIONS,OPERANDS,ENVIRONMENT_VARIABLES,STDIN,INPUT_FILES,STDOUT,STDERR,OUTPUT_FILES,EXIT_STATUS,CONSEQUENCES_OF_ERRORS	POSIX08-2016:https://pubs.opengroup.org/onlinepubs/9699919799.2016edition/utilities/fc.html	-	-	-	bashy:internal/cli/profile_b_routing_test.go#TestProfileBRouteFc	-	unverified
fg	shell_only	-	shell	shell:fg	shell_builtin	-	optional::fg [job_id]	optional	-	-	POSIX Issue 7 only; GNU compatibility is out of scope	-	job_id	UNVERIFIED	UNVERIFIED	UNVERIFIED	LANG;LC_ALL;LC_CTYPE;LC_MESSAGES;NLSPATH	UNVERIFIED	UNVERIFIED	UNVERIFIED	UNVERIFIED	XCU:fg:SYNOPSIS,OPTIONS,OPERANDS,ENVIRONMENT_VARIABLES,STDIN,INPUT_FILES,STDOUT,STDERR,OUTPUT_FILES,EXIT_STATUS,CONSEQUENCES_OF_ERRORS	POSIX08-2016:https://pubs.opengroup.org/onlinepubs/9699919799.2016edition/utilities/fg.html	-	-	-	bashy:internal/cli/profile_b_routing_test.go#TestProfileBRouteFg	-	unverified
file	go	cmds/file	go	cmds/file	flagset	file [-dh] [-M file] [-m file] file... ; file -i [-h] file...	-	base	-d;-h;-i;-M;-m	-	POSIX Issue 7 only; GNU compatibility is out of scope	-M=<file>;-m=<file>	file	UNVERIFIED	UNVERIFIED	UNVERIFIED	LANG;LC_ALL;LC_CTYPE;LC_MESSAGES;NLSPATH	UNVERIFIED	UNVERIFIED	UNVERIFIED	UNVERIFIED	XCU:file:SYNOPSIS,OPTIONS,OPERANDS,ENVIRONMENT_VARIABLES,STDIN,INPUT_FILES,STDOUT,STDERR,OUTPUT_FILES,EXIT_STATUS,CONSEQUENCES_OF_ERRORS	POSIX08-2016:https://pubs.opengroup.org/onlinepubs/9699919799.2016edition/utilities/file.html	cmds/file	-	-	-	-	unverified
find	go	cmds/find	go	cmds/find	custom	find [-H|-L] path... [operand_expression...]	-	base	-H;-L	-	POSIX Issue 7 only; GNU compatibility is out of scope	-	+n;n;-n;-name pattern;-path pattern;-nouser;-nogroup;-xdev;-prune;-perm [-]mode;-perm [-]onum;-type c;-links n;-user uname;-group gname;-size n[c];-atime n;-ctime n;-mtime n;-exec utility_name [argument ...] ;;-exec utility_name [argument ...] {} +;-ok utility_name [argument ...] ;;-print;-newer file;-depth;( expression );! expression;expression [-a] expression;expression -o expression	UNVERIFIED	UNVERIFIED	UNVERIFIED	LANG;LC_ALL;LC_COLLATE;LC_CTYPE;LC_MESSAGES;NLSPATH;PATH	UNVERIFIED	UNVERIFIED	UNVERIFIED	UNVERIFIED	XCU:find:SYNOPSIS,OPTIONS,OPERANDS,ENVIRONMENT_VARIABLES,STDIN,INPUT_FILES,STDOUT,STDERR,OUTPUT_FILES,EXIT_STATUS,CONSEQUENCES_OF_ERRORS	POSIX08-2016:https://pubs.opengroup.org/onlinepubs/9699919799.2016edition/utilities/find.html	cmds/find	-	-	-	-	unverified
fold	go	cmds/fold	go	cmds/fold	flagset	fold [-bs] [-w width] [file...]	-	base	-b;-s;-w	-	POSIX Issue 7 only; GNU compatibility is out of scope	-w=<width>	file	UNVERIFIED	UNVERIFIED	UNVERIFIED	LANG;LC_ALL;LC_CTYPE;LC_MESSAGES;NLSPATH	UNVERIFIED	UNVERIFIED	UNVERIFIED	UNVERIFIED	XCU:fold:SYNOPSIS,OPTIONS,OPERANDS,ENVIRONMENT_VARIABLES,STDIN,INPUT_FILES,STDOUT,STDERR,OUTPUT_FILES,EXIT_STATUS,CONSEQUENCES_OF_ERRORS	POSIX08-2016:https://pubs.opengroup.org/onlinepubs/9699919799.2016edition/utilities/fold.html	cmds/fold	-	-	-	-	unverified
getconf	go	cmds/getconf	go	cmds/getconf	flagset	getconf [-v specification] system_var ; getconf [-v specification] path_var pathname	-	base	-v	-	POSIX Issue 7 only; GNU compatibility is out of scope	-v=<specification>	path_var;pathname;system_var	UNVERIFIED	UNVERIFIED	UNVERIFIED	LANG;LC_ALL;LC_CTYPE;LC_MESSAGES;NLSPATH	UNVERIFIED	UNVERIFIED	UNVERIFIED	UNVERIFIED	XCU:getconf:SYNOPSIS,OPTIONS,OPERANDS,ENVIRONMENT_VARIABLES,STDIN,INPUT_FILES,STDOUT,STDERR,OUTPUT_FILES,EXIT_STATUS,CONSEQUENCES_OF_ERRORS	POSIX08-2016:https://pubs.opengroup.org/onlinepubs/9699919799.2016edition/utilities/getconf.html	cmds/getconf	-	-	-	-	unverified
getopts	shell_only	-	shell	shell:getopts	shell_builtin	getopts optstring name [arg...]	-	base	-	-	POSIX Issue 7 only; GNU compatibility is out of scope	-	optstring;name	UNVERIFIED	UNVERIFIED	UNVERIFIED	LANG;LC_ALL;LC_CTYPE;LC_MESSAGES;NLSPATH;OPTIND	UNVERIFIED	UNVERIFIED	UNVERIFIED	UNVERIFIED	XCU:getopts:SYNOPSIS,OPTIONS,OPERANDS,ENVIRONMENT_VARIABLES,STDIN,INPUT_FILES,STDOUT,STDERR,OUTPUT_FILES,EXIT_STATUS,CONSEQUENCES_OF_ERRORS	POSIX08-2016:https://pubs.opengroup.org/onlinepubs/9699919799.2016edition/utilities/getopts.html	-	-	-	bashy:internal/cli/profile_b_routing_test.go#TestProfileBRouteGetopts	-	unverified
grep	go	cmds/grep	go	cmds/grep	flagset	grep [-E|-F] [-c|-l|-q] [-insvx] -e pattern_list [-e pattern_list]... [-f pattern_file]... [file...] ; grep [-E|-F] [-c|-l|-q] [-insvx] [-e pattern_list]... -f pattern_file [-f pattern_file]... [file...] ; grep [-E|-F] [-c|-l|-q] [-insvx] pattern_list [file...]	-	base	-E;-F;-c;-e;-f;-i;-l;-n;-q;-s;-v;-x	-	POSIX Issue 7 only; GNU compatibility is out of scope	-e=<pattern_list>;-f=<pattern_file>	pattern_list;file	UNVERIFIED	UNVERIFIED	UNVERIFIED	LANG;LC_ALL;LC_COLLATE;LC_CTYPE;LC_MESSAGES;NLSPATH	UNVERIFIED	UNVERIFIED	UNVERIFIED	0 selected lines found; 1 none found; greater than 1 on error.	XCU:grep:SYNOPSIS,OPTIONS,OPERANDS,ENVIRONMENT_VARIABLES,STDIN,INPUT_FILES,STDOUT,STDERR,OUTPUT_FILES,EXIT_STATUS,CONSEQUENCES_OF_ERRORS	POSIX08-2016:https://pubs.opengroup.org/onlinepubs/9699919799.2016edition/utilities/grep.html	cmds/grep	-	-	-	-	unverified
hash	shell_only	-	shell	shell:hash	shell_builtin	hash [utility...] ; hash -r	-	base	-r	-	POSIX Issue 7 only; GNU compatibility is out of scope	-	utility	UNVERIFIED	UNVERIFIED	UNVERIFIED	LANG;LC_ALL;LC_CTYPE;LC_MESSAGES;NLSPATH;PATH	UNVERIFIED	UNVERIFIED	UNVERIFIED	UNVERIFIED	XCU:hash:SYNOPSIS,OPTIONS,OPERANDS,ENVIRONMENT_VARIABLES,STDIN,INPUT_FILES,STDOUT,STDERR,OUTPUT_FILES,EXIT_STATUS,CONSEQUENCES_OF_ERRORS	POSIX08-2016:https://pubs.opengroup.org/onlinepubs/9699919799.2016edition/utilities/hash.html	-	-	-	bashy:internal/cli/profile_b_routing_test.go#TestProfileBRouteHash	-	unverified
head	go	cmds/head	go	cmds/head	flagset	head [-n number] [file...]	-	base	-n	-	POSIX Issue 7 only; GNU compatibility is out of scope	-n=<number>	file	Copy the first number lines of every file operand, or 10 lines when -n is absent; copy an entire shorter file without error; no operands selects standard input; process multiple operands in order.	-- ends option parsing; this implementation treats a file operand of - as standard input.	Used when no file operand is supplied and for each - operand; otherwise not used.	LANG;LC_ALL;LC_CTYPE;LC_MESSAGES;NLSPATH	Write each designated input portion; with multiple operands prefix the first with ==> pathname <== and later ones with a preceding newline before the same header form.	Used only for diagnostic messages.	Reads inputs without modifying them; output is standard output only.	0 for successful completion; greater than 0 if an error occurs.	XCU:head:SYNOPSIS,OPTIONS,OPERANDS,ENVIRONMENT_VARIABLES,STDIN,INPUT_FILES,STDOUT,STDERR,OUTPUT_FILES,EXIT_STATUS,CONSEQUENCES_OF_ERRORS	POSIX08-2016:https://pubs.opengroup.org/onlinepubs/9699919799.2016edition/utilities/head.html	cmds/head	cmds/head/head_test.go#TestHead;cmds/head/head_test.go#TestHeadHeaders;cmds/head/head_test.go#TestHeadErrors;cmds/head/head_test.go#TestHeadWriteError	-	-	-	partial
iconv	go	cmds/iconv	go	cmds/iconv	flagset	iconv [-cs] -f frommap -t tomap [file...] ; iconv -f fromcode [-cs] [-t tocode] [file...] ; iconv -t tocode [-cs] [-f fromcode] [file...] ; iconv -l	-	base	-c;-f;-l;-s;-t	-	POSIX Issue 7 only; GNU compatibility is out of scope	-f=<fromcodeset>;-t=<tocodeset>	file	Convert each file operand in order into one continuing output stream; no operands selects standard input; an open failure diagnoses the operand, continues with the rest, and fails the invocation.	-- ends option parsing; a file operand of - selects standard input; a / in a -f/-t value (the charmap-file form) is not supported and is rejected before any I/O.	Used when no file operands are given and for each - operand.	LANG;LC_ALL;LC_CTYPE;LC_MESSAGES;NLSPATH	The input characters converted to the target codeset; -l writes the supported codeset names.	Used only for diagnostic messages; -s suppresses invalid-character conversion messages without changing the exit status.	Reads inputs without modifying them; -c omits characters that cannot be converted while keeping the failure status, and a discard recorded for one operand survives later operands.	0 successful conversion of all input; greater than 0 if an error occurs; -s never changes the status and -c keeps discarded characters counted as a failure.	XCU:iconv:SYNOPSIS,OPTIONS,OPERANDS,ENVIRONMENT_VARIABLES,STDIN,INPUT_FILES,STDOUT,STDERR,OUTPUT_FILES,EXIT_STATUS,CONSEQUENCES_OF_ERRORS	POSIX08-2016:https://pubs.opengroup.org/onlinepubs/9699919799.2016edition/utilities/iconv.html	cmds/iconv	cmds/iconv/iconv_test.go#TestUTF8ToISO88591;cmds/iconv/iconv_test.go#TestFilesResolveAgainstRunContextDir;cmds/iconv/iconv_test.go#TestMalformedInputFailsAndSilentOnlySuppressesConversionMessage;cmds/iconv/iconv_test.go#TestUnrepresentableOutputFails;cmds/iconv/iconv_test.go#TestUnsupportedEncodingFailsLoudly;cmds/iconv/iconv_test.go#TestDiscardInvalidOmitsUntranslatableCharacters;cmds/iconv/iconv_test.go#TestOmittedEncodingUsesLocaleCodeset;cmds/iconv/iconv_test.go#TestOmittedEncodingHonorsLocaleCodeset;cmds/iconv/iconv_test.go#TestListEncodings;cmds/iconv/iconv_test.go#TestSuffixRejectionPreIO;cmds/iconv/iconv_discard_state_test.go#TestDiscardStatusSurvivesLaterEmptyOperand;cmds/iconv/iconv_discard_state_test.go#TestDiscardTruncatedGB18030FourByteTailFails	-	-	-	partial
id	go	cmds/id	go	cmds/id	flagset	id [user] ; id -G [-n] [user] ; id -g [-nr] [user] ; id -u [-nr] [user]	-	base	-G;-g;-n;-r;-u	-	POSIX Issue 7 only; GNU compatibility is out of scope	NONE	user	At most one user operand naming a login; with an operand the user database supplies the IDs and group set and the effective IDs are treated as identical to the real IDs; without an operand the invoking process is reported, including differing effective IDs.	-- ends option parsing; no operand token is special.	Not used.	LANG;LC_ALL;LC_CTYPE;LC_MESSAGES;NLSPATH	"Default form writes ""uid=%u(%s) gid=%u(%s)"" with euid=/egid= inserted only when effective and real IDs differ and a groups= list of distinct affiliations; -u/-g write one ID as ""%u"" (the name with -n, the real ID with -r); -G writes all distinct group IDs space-separated; an unmappable name falls back to the bare number."	Used only for diagnostic messages.	Read-only query of the process credentials and the user and group databases.	0 successful completion; greater than 0 if an error occurs.	XCU:id:SYNOPSIS,OPTIONS,OPERANDS,ENVIRONMENT_VARIABLES,STDIN,INPUT_FILES,STDOUT,STDERR,OUTPUT_FILES,EXIT_STATUS,CONSEQUENCES_OF_ERRORS	POSIX08-2016:https://pubs.opengroup.org/onlinepubs/9699919799.2016edition/utilities/id.html	cmds/id	cmds/id/id_test.go#TestIDDefault;cmds/id/id_test.go#TestIDDefaultIncludesNames;cmds/id/id_test.go#TestIDDefaultReportsRealAndEffectiveWhenDifferent;cmds/id/id_test.go#TestIDDefaultOmitsEffectiveWhenEqual;cmds/id/id_test.go#TestIDCurrentGroupsUseLiveProcessVector;cmds/id/id_test.go#TestIDOnlyFlags;cmds/id/id_unix_test.go#TestIDRealAndEffectiveSelectors;cmds/id/id_test.go#TestIDRealFlagWithOptions;cmds/id/id_test.go#TestIDRealFlag;cmds/id/id_test.go#TestIDNamedUser;cmds/id/id_test.go#TestIDErrors;cmds/id/id_test.go#TestIDRejectsExtraUserOperand	-	-	-	partial
jobs	shell_only	-	shell	shell:jobs	shell_builtin	-	optional::jobs [-l|-p] [job_id...]	optional	-	optional:-l,-p	POSIX Issue 7 only; GNU compatibility is out of scope	-	job_id	UNVERIFIED	UNVERIFIED	UNVERIFIED	LANG;LC_ALL;LC_CTYPE;LC_MESSAGES;NLSPATH	UNVERIFIED	UNVERIFIED	UNVERIFIED	UNVERIFIED	XCU:jobs:SYNOPSIS,OPTIONS,OPERANDS,ENVIRONMENT_VARIABLES,STDIN,INPUT_FILES,STDOUT,STDERR,OUTPUT_FILES,EXIT_STATUS,CONSEQUENCES_OF_ERRORS	POSIX08-2016:https://pubs.opengroup.org/onlinepubs/9699919799.2016edition/utilities/jobs.html	-	-	-	bashy:internal/cli/profile_b_routing_test.go#TestProfileBRouteJobs	-	unverified
join	go	cmds/join	go	cmds/join	flagset	join [-a file_number|-v file_number] [-e string] [-o list] [-t char] [-1 field] [-2 field] file1 file2	-	base	-a;-e;-o;-t;-v;-1;-2	-	POSIX Issue 7 only; GNU compatibility is out of scope	-a=<file_number>;-e=<string>;-o=<list>;-t=<char>;-v=<file_number>;-1=<field>;-2=<field>	file1, file2	UNVERIFIED	UNVERIFIED	UNVERIFIED	LANG;LC_ALL;LC_COLLATE;LC_CTYPE;LC_MESSAGES;NLSPATH	UNVERIFIED	UNVERIFIED	UNVERIFIED	UNVERIFIED	XCU:join:SYNOPSIS,OPTIONS,OPERANDS,ENVIRONMENT_VARIABLES,STDIN,INPUT_FILES,STDOUT,STDERR,OUTPUT_FILES,EXIT_STATUS,CONSEQUENCES_OF_ERRORS	POSIX08-2016:https://pubs.opengroup.org/onlinepubs/9699919799.2016edition/utilities/join.html	cmds/join	-	-	-	-	unverified
kill	go	cmds/kill	shell	shell:kill	shell_builtin	kill -s signal_name pid... ; kill -l [exit_status] ; kill [-signal_number] pid...	xsi::kill [-signal_name] pid...	base;xsi	-l;-s;-<signal_number>	xsi:-<signal_name>	POSIX Issue 7 only; GNU compatibility is out of scope	-s=<signal_name>	pid;exit_status	UNVERIFIED	UNVERIFIED	UNVERIFIED	LANG;LC_ALL;LC_CTYPE;LC_MESSAGES;NLSPATH	UNVERIFIED	UNVERIFIED	UNVERIFIED	UNVERIFIED	XCU:kill:SYNOPSIS,OPTIONS,OPERANDS,ENVIRONMENT_VARIABLES,STDIN,INPUT_FILES,STDOUT,STDERR,OUTPUT_FILES,EXIT_STATUS,CONSEQUENCES_OF_ERRORS	POSIX08-2016:https://pubs.opengroup.org/onlinepubs/9699919799.2016edition/utilities/kill.html	-	-	-	bashy:internal/cli/profile_b_routing_test.go#TestProfileBRouteKill	-	unverified
ln	go	cmds/ln	go	cmds/ln	flagset	ln [-fs] [-L|-P] source_file target_file ; ln [-fs] [-L|-P] source_file... target_dir	-	base	-f;-L;-P;-s	-	POSIX Issue 7 only; GNU compatibility is out of scope	-	source_file;target_file;target_dir	UNVERIFIED	UNVERIFIED	UNVERIFIED	LANG;LC_ALL;LC_CTYPE;LC_MESSAGES;NLSPATH	UNVERIFIED	UNVERIFIED	UNVERIFIED	UNVERIFIED	XCU:ln:SYNOPSIS,OPTIONS,OPERANDS,ENVIRONMENT_VARIABLES,STDIN,INPUT_FILES,STDOUT,STDERR,OUTPUT_FILES,EXIT_STATUS,CONSEQUENCES_OF_ERRORS	POSIX08-2016:https://pubs.opengroup.org/onlinepubs/9699919799.2016edition/utilities/ln.html	cmds/ln	-	-	-	-	unverified
locale	go	cmds/locale	go	cmds/locale	flagset	locale [-a|-m] ; locale [-ck] name...	-	base	-a;-c;-k;-m	-	POSIX Issue 7 only; GNU compatibility is out of scope	-	name	UNVERIFIED	UNVERIFIED	UNVERIFIED	LANG;LC_ALL;LC_CTYPE;LC_MESSAGES;NLSPATH	UNVERIFIED	UNVERIFIED	UNVERIFIED	UNVERIFIED	XCU:locale:SYNOPSIS,OPTIONS,OPERANDS,ENVIRONMENT_VARIABLES,STDIN,INPUT_FILES,STDOUT,STDERR,OUTPUT_FILES,EXIT_STATUS,CONSEQUENCES_OF_ERRORS	POSIX08-2016:https://pubs.opengroup.org/onlinepubs/9699919799.2016edition/utilities/locale.html	cmds/locale	-	-	-	-	unverified
localedef	external_provider	cmds/posixproviders	external_provider	pkg/posixprovider/manifest.tsv#localedef	external	localedef [-c] [-f charmap] [-i sourcefile] [-u code_set_name] name	-	base	-c;-f;-i;-u	-	POSIX Issue 7 only; GNU compatibility is out of scope	-f=<charmap>;-i=<inputfile>;-u=<code_set_name>	name	UNVERIFIED	UNVERIFIED	UNVERIFIED	LANG;LC_ALL;LC_COLLATE;LC_CTYPE;LC_MESSAGES;NLSPATH	UNVERIFIED	UNVERIFIED	UNVERIFIED	UNVERIFIED	XCU:localedef:SYNOPSIS,OPTIONS,OPERANDS,ENVIRONMENT_VARIABLES,STDIN,INPUT_FILES,STDOUT,STDERR,OUTPUT_FILES,EXIT_STATUS,CONSEQUENCES_OF_ERRORS	POSIX08-2016:https://pubs.opengroup.org/onlinepubs/9699919799.2016edition/utilities/localedef.html	-	-	-	-	-	unverified
logger	go	cmds/logger	go	cmds/logger	flagset	logger string...	-	base	-	-	POSIX Issue 7 only; GNU compatibility is out of scope	NONE	string	One or more string operands joined in order with single spaces form the message; with no operands this implementation reads standard input one message per line (a documented non-POSIX extension).	-- ends option parsing so a leading-dash string can be logged; before -- a leading-dash word is parsed as an extension option.	POSIX: not used; read only by the non-POSIX zero-operand extension form.	LANG;LC_ALL;LC_CTYPE;LC_MESSAGES;NLSPATH	Not used.	Used only for diagnostic messages (the -s extension additionally copies each logged message).	Saves the message via the implementation-defined system log: an AF_UNIX datagram to the local syslog socket at priority user.notice on unix; on Windows the unavailable system log is refused loudly.	0 successful completion; greater than 0 if an error occurs (transport open, send, close, or read failure 1; usage 2).	XCU:logger:SYNOPSIS,OPTIONS,OPERANDS,ENVIRONMENT_VARIABLES,STDIN,INPUT_FILES,STDOUT,STDERR,OUTPUT_FILES,EXIT_STATUS,CONSEQUENCES_OF_ERRORS	POSIX08-2016:https://pubs.opengroup.org/onlinepubs/9699919799.2016edition/utilities/logger.html	cmds/logger	cmds/logger/logger_test.go#TestOperandsJoinWithSingleSpaces;cmds/logger/logger_test.go#TestNoOperandsReadsStdinOneRecordPerLine;cmds/logger/logger_test.go#TestDefaultPriorityAndTag;cmds/logger/logger_test.go#TestDashDashEndsOptions;cmds/logger/logger_test.go#TestSinkOpenFailureIsReported;cmds/logger/logger_test.go#TestSendFailureIsReported;cmds/logger/logger_test.go#TestCloseFailureIsReported;cmds/logger/logger_test.go#TestSendFailureIsNotMaskedByClose;cmds/logger/logger_test.go#TestUnsupportedFlagFailsLoudly;cmds/logger/logger_test.go#TestEmptyStdinLogsNothingAndSucceeds	-	-	-	partial
logname	go	cmds/logname	go	cmds/logname	flagset	logname	-	base	-	-	POSIX Issue 7 only; GNU compatibility is out of scope	NONE	NONE	Any operand is rejected as a usage error.	-- ends option parsing; trailing words are still rejected operands.	Not used.	LANG;LC_ALL;LC_CTYPE;LC_MESSAGES;NLSPATH	"The login name followed by a newline, the ""%s\n"" format."	"Used only for diagnostic messages; ""logname: no login name"" when no name can be determined."	The name comes from a getlogin()-equivalent source only, never the environment or the effective user: the kernel audit login uid mapped through the user database on Linux; every other platform currently always reports no login name.	0 after writing the name; 1 when no login name can be determined; 2 usage.	XCU:logname:SYNOPSIS,OPTIONS,OPERANDS,ENVIRONMENT_VARIABLES,STDIN,INPUT_FILES,STDOUT,STDERR,OUTPUT_FILES,EXIT_STATUS,CONSEQUENCES_OF_ERRORS	POSIX08-2016:https://pubs.opengroup.org/onlinepubs/9699919799.2016edition/utilities/logname.html	cmds/logname	cmds/logname/logname_test.go#TestLogname;cmds/logname/logname_test.go#TestLognameIgnoresEnvironmentAccountNames;cmds/logname/logname_test.go#TestLognameNoLoginName;cmds/logname/logname_test.go#TestLognameRejectsOperandsAndUnknownOptions;cmds/logname/logname_test.go#TestResolveLoginUID;cmds/logname/logname_test.go#TestLoginNameHasNoEffectiveUserFallback	-	-	-	partial
lp	external_provider	cmds/posixproviders	external_provider	pkg/posixprovider/manifest.tsv#lp	external	lp [-c] [-d dest] [-n copies] [-msw] [-o option]... [-t title] [file...]	-	base	-c;-d;-m;-n;-o;-s;-t;-w	-	POSIX Issue 7 only; GNU compatibility is out of scope	-d=<dest>;-n=<copies>;-o=<option>;-t=<title>	file	UNVERIFIED	UNVERIFIED	UNVERIFIED	LANG;LC_ALL;LC_CTYPE;LC_MESSAGES;LC_TIME;LPDEST;NLSPATH;PRINTER;TZ	UNVERIFIED	UNVERIFIED	UNVERIFIED	UNVERIFIED	XCU:lp:SYNOPSIS,OPTIONS,OPERANDS,ENVIRONMENT_VARIABLES,STDIN,INPUT_FILES,STDOUT,STDERR,OUTPUT_FILES,EXIT_STATUS,CONSEQUENCES_OF_ERRORS	POSIX08-2016:https://pubs.opengroup.org/onlinepubs/9699919799.2016edition/utilities/lp.html	-	-	-	-	-	unverified
ls	go	cmds/ls	go	cmds/ls	flagset	-	xsi::ls [-ikqrs] [-glno] [-A|-a] [-C|-m|-x|-1]  [-F|-p] [-H|-L] [-R|-d] [-S|-f|-t] [-c|-u] [file...]	xsi	-	xsi:-A,-C,-F,-H,-L,-R,-S,-a,-c,-d,-f,-g,-i,-k,-l,-m,-n,-o,-p,-q,-r,-s,-t,-u,-x,-1	POSIX Issue 7 only; GNU compatibility is out of scope	-	file	UNVERIFIED	UNVERIFIED	UNVERIFIED	COLUMNS;LANG;LC_ALL;LC_COLLATE;LC_CTYPE;LC_MESSAGES;LC_TIME;NLSPATH;TZ	UNVERIFIED	UNVERIFIED	UNVERIFIED	UNVERIFIED	XCU:ls:SYNOPSIS,OPTIONS,OPERANDS,ENVIRONMENT_VARIABLES,STDIN,INPUT_FILES,STDOUT,STDERR,OUTPUT_FILES,EXIT_STATUS,CONSEQUENCES_OF_ERRORS	POSIX08-2016:https://pubs.opengroup.org/onlinepubs/9699919799.2016edition/utilities/ls.html	cmds/ls	-	-	-	-	unverified
m4	external_provider	cmds/posixproviders	external_provider	pkg/posixprovider/manifest.tsv#m4	external	m4 [-s] [-D name[=val]]... [-U name]... file...	-	base	-s;-D;-U	-	POSIX Issue 7 only; GNU compatibility is out of scope	-D=<name[=val]>;-U=<name>	file	UNVERIFIED	UNVERIFIED	UNVERIFIED	LANG;LC_ALL;LC_CTYPE;LC_MESSAGES;NLSPATH	UNVERIFIED	UNVERIFIED	UNVERIFIED	UNVERIFIED	XCU:m4:SYNOPSIS,OPTIONS,OPERANDS,ENVIRONMENT_VARIABLES,STDIN,INPUT_FILES,STDOUT,STDERR,OUTPUT_FILES,EXIT_STATUS,CONSEQUENCES_OF_ERRORS	POSIX08-2016:https://pubs.opengroup.org/onlinepubs/9699919799.2016edition/utilities/m4.html	-	-	-	-	-	unverified
mailx	external_provider	cmds/posixproviders	external_provider	pkg/posixprovider/manifest.tsv#mailx	external	mailx [-s subject] address... ; mailx [-HiNn] [-F] [-u user] ; mailx -f [-HiNn] [-F] [file]	optional::mailx -e	base;optional	-f;-F;-H;-i;-n;-N;-s;-u	optional:-e	POSIX Issue 7 only; GNU compatibility is out of scope	-s=<subject>;-u=<user>	address;file	UNVERIFIED	UNVERIFIED	UNVERIFIED	DEAD;EDITOR;HOME;LANG;LC_ALL;LC_CTYPE;LC_TIME;LC_MESSAGES;LISTER;MAILRC;MBOX;NLSPATH;PAGER;SHELL;TERM;TZ;VISUAL	UNVERIFIED	UNVERIFIED	UNVERIFIED	UNVERIFIED	XCU:mailx:SYNOPSIS,OPTIONS,OPERANDS,ENVIRONMENT_VARIABLES,STDIN,INPUT_FILES,STDOUT,STDERR,OUTPUT_FILES,EXIT_STATUS,CONSEQUENCES_OF_ERRORS	POSIX08-2016:https://pubs.opengroup.org/onlinepubs/9699919799.2016edition/utilities/mailx.html	-	-	-	-	-	unverified
make	external_provider	cmds/posixproviders	external_provider	pkg/posixprovider/manifest.tsv#make	external	-	development::make [-einpqrst] [-f makefile]... [-k|-S] [macro=value...] [target_name...]	development	-	development:-e,-f,-i,-k,-n,-p,-q,-r,-S,-s,-t	POSIX Issue 7 only; GNU compatibility is out of scope	-f=<makefile>	target_name;macro=value	UNVERIFIED	UNVERIFIED	UNVERIFIED	LANG;LC_ALL;LC_CTYPE;LC_MESSAGES;MAKEFLAGS;NLSPATH;PROJECTDIR	UNVERIFIED	UNVERIFIED	UNVERIFIED	UNVERIFIED	XCU:make:SYNOPSIS,OPTIONS,OPERANDS,ENVIRONMENT_VARIABLES,STDIN,INPUT_FILES,STDOUT,STDERR,OUTPUT_FILES,EXIT_STATUS,CONSEQUENCES_OF_ERRORS	POSIX08-2016:https://pubs.opengroup.org/onlinepubs/9699919799.2016edition/utilities/make.html	-	-	-	-	-	unverified
man	external_provider	cmds/posixproviders	external_provider	pkg/posixprovider/manifest.tsv#man	external	man [-k] name...	-	base	-k	-	POSIX Issue 7 only; GNU compatibility is out of scope	-	name	UNVERIFIED	UNVERIFIED	UNVERIFIED	LANG;LC_ALL;LC_CTYPE;LC_MESSAGES;NLSPATH;PAGER	UNVERIFIED	UNVERIFIED	UNVERIFIED	UNVERIFIED	XCU:man:SYNOPSIS,OPTIONS,OPERANDS,ENVIRONMENT_VARIABLES,STDIN,INPUT_FILES,STDOUT,STDERR,OUTPUT_FILES,EXIT_STATUS,CONSEQUENCES_OF_ERRORS	POSIX08-2016:https://pubs.opengroup.org/onlinepubs/9699919799.2016edition/utilities/man.html	-	-	-	-	-	unverified
mesg	go	cmds/mesg	go	cmds/mesg	flagset	mesg [y|n]	-	base	-	-	POSIX Issue 7 only; GNU compatibility is out of scope	-	y;n	UNVERIFIED	UNVERIFIED	UNVERIFIED	LANG;LC_ALL;LC_CTYPE;LC_MESSAGES;NLSPATH	UNVERIFIED	UNVERIFIED	UNVERIFIED	UNVERIFIED	XCU:mesg:SYNOPSIS,OPTIONS,OPERANDS,ENVIRONMENT_VARIABLES,STDIN,INPUT_FILES,STDOUT,STDERR,OUTPUT_FILES,EXIT_STATUS,CONSEQUENCES_OF_ERRORS	POSIX08-2016:https://pubs.opengroup.org/onlinepubs/9699919799.2016edition/utilities/mesg.html	cmds/mesg	-	-	-	-	unverified
mkdir	go	cmds/mkdir	go	cmds/mkdir	flagset	mkdir [-p] [-m mode] dir...	-	base	-m;-p	-	POSIX Issue 7 only; GNU compatibility is out of scope	-m=<mode>	dir	UNVERIFIED	UNVERIFIED	UNVERIFIED	LANG;LC_ALL;LC_CTYPE;LC_MESSAGES;NLSPATH	UNVERIFIED	UNVERIFIED	UNVERIFIED	UNVERIFIED	XCU:mkdir:SYNOPSIS,OPTIONS,OPERANDS,ENVIRONMENT_VARIABLES,STDIN,INPUT_FILES,STDOUT,STDERR,OUTPUT_FILES,EXIT_STATUS,CONSEQUENCES_OF_ERRORS	POSIX08-2016:https://pubs.opengroup.org/onlinepubs/9699919799.2016edition/utilities/mkdir.html	cmds/mkdir	-	-	-	-	unverified
mkfifo	go	cmds/mkfifo	go	cmds/mkfifo	flagset	mkfifo [-m mode] file...	-	base	-m	-	POSIX Issue 7 only; GNU compatibility is out of scope	-m=<mode>	file	UNVERIFIED	UNVERIFIED	UNVERIFIED	LANG;LC_ALL;LC_CTYPE;LC_MESSAGES;NLSPATH	UNVERIFIED	UNVERIFIED	UNVERIFIED	UNVERIFIED	XCU:mkfifo:SYNOPSIS,OPTIONS,OPERANDS,ENVIRONMENT_VARIABLES,STDIN,INPUT_FILES,STDOUT,STDERR,OUTPUT_FILES,EXIT_STATUS,CONSEQUENCES_OF_ERRORS	POSIX08-2016:https://pubs.opengroup.org/onlinepubs/9699919799.2016edition/utilities/mkfifo.html	cmds/mkfifo	-	-	-	-	unverified
more	go	cmds/more	go	cmds/more	flagset	-	optional::more [-ceisu] [-n number] [-p command] [-t tagstring] [file...]	optional	-	optional:-c,-e,-i,-n,-p,-s,-t,-u	POSIX Issue 7 only; GNU compatibility is out of scope	-n=<number>;-p=<command>;-t=<tagstring>	file	UNVERIFIED	UNVERIFIED	UNVERIFIED	COLUMNS;EDITOR;LANG;LC_ALL;LC_COLLATE;LC_CTYPE;LC_MESSAGES;NLSPATH;LINES;MORE;TERM	UNVERIFIED	UNVERIFIED	UNVERIFIED	UNVERIFIED	XCU:more:SYNOPSIS,OPTIONS,OPERANDS,ENVIRONMENT_VARIABLES,STDIN,INPUT_FILES,STDOUT,STDERR,OUTPUT_FILES,EXIT_STATUS,CONSEQUENCES_OF_ERRORS	POSIX08-2016:https://pubs.opengroup.org/onlinepubs/9699919799.2016edition/utilities/more.html	cmds/more	-	-	-	-	unverified
mv	go	cmds/mv	go	cmds/mv	flagset	mv [-if] source_file target_file ; mv [-if] source_file... target_dir	-	base	-f;-i	-	POSIX Issue 7 only; GNU compatibility is out of scope	-	source_file;target_file;target_dir	UNVERIFIED	UNVERIFIED	UNVERIFIED	LANG;LC_ALL;LC_COLLATE;LC_CTYPE;LC_MESSAGES;NLSPATH	UNVERIFIED	UNVERIFIED	UNVERIFIED	UNVERIFIED	XCU:mv:SYNOPSIS,OPTIONS,OPERANDS,ENVIRONMENT_VARIABLES,STDIN,INPUT_FILES,STDOUT,STDERR,OUTPUT_FILES,EXIT_STATUS,CONSEQUENCES_OF_ERRORS	POSIX08-2016:https://pubs.opengroup.org/onlinepubs/9699919799.2016edition/utilities/mv.html	cmds/mv	-	-	-	-	unverified
newgrp	go	cmds/newgrp	go	cmds/newgrp	flagset	newgrp [-l] [group]	-	base	-l	-	POSIX Issue 7 only; GNU compatibility is out of scope	-	group	UNVERIFIED	UNVERIFIED	UNVERIFIED	LANG;LC_ALL;LC_CTYPE;LC_MESSAGES;NLSPATH	UNVERIFIED	UNVERIFIED	UNVERIFIED	UNVERIFIED	XCU:newgrp:SYNOPSIS,OPTIONS,OPERANDS,ENVIRONMENT_VARIABLES,STDIN,INPUT_FILES,STDOUT,STDERR,OUTPUT_FILES,EXIT_STATUS,CONSEQUENCES_OF_ERRORS	POSIX08-2016:https://pubs.opengroup.org/onlinepubs/9699919799.2016edition/utilities/newgrp.html	cmds/newgrp	-	-	-	-	unverified
nice	go	cmds/nice	go	cmds/nice	flagset	nice [-n increment] utility [argument...]	-	base	-n	-	POSIX Issue 7 only; GNU compatibility is out of scope	-n=<increment>	utility;argument	UNVERIFIED	UNVERIFIED	UNVERIFIED	LANG;LC_ALL;LC_CTYPE;LC_MESSAGES;NLSPATH;PATH	UNVERIFIED	UNVERIFIED	UNVERIFIED	UNVERIFIED	XCU:nice:SYNOPSIS,OPTIONS,OPERANDS,ENVIRONMENT_VARIABLES,STDIN,INPUT_FILES,STDOUT,STDERR,OUTPUT_FILES,EXIT_STATUS,CONSEQUENCES_OF_ERRORS	POSIX08-2016:https://pubs.opengroup.org/onlinepubs/9699919799.2016edition/utilities/nice.html	cmds/nice	-	-	-	-	unverified
nm	external_provider	cmds/posixproviders	external_provider	pkg/posixprovider/manifest.tsv#nm	external	-	development::nm [-APv] [-g|-u] [-t format] file... ; xsi::nm [-APv] [-efox] [-g|-u] [-t format] file...	xsi;development	-	development:-A,-g,-P,-t,-u,-v;xsi:-e,-f,-o,-x	POSIX Issue 7 only; GNU compatibility is out of scope	-t=<format>	file	UNVERIFIED	UNVERIFIED	UNVERIFIED	LANG;LC_ALL;LC_COLLATE;LC_CTYPE;LC_MESSAGES;NLSPATH	UNVERIFIED	UNVERIFIED	UNVERIFIED	UNVERIFIED	XCU:nm:SYNOPSIS,OPTIONS,OPERANDS,ENVIRONMENT_VARIABLES,STDIN,INPUT_FILES,STDOUT,STDERR,OUTPUT_FILES,EXIT_STATUS,CONSEQUENCES_OF_ERRORS	POSIX08-2016:https://pubs.opengroup.org/onlinepubs/9699919799.2016edition/utilities/nm.html	-	-	-	-	-	unverified
nohup	go	cmds/nohup	go	cmds/nohup	flagset	nohup utility [argument...]	-	base	-	-	POSIX Issue 7 only; GNU compatibility is out of scope	NONE	utility;argument	The first operand is the utility, PATH-searched when it has no separator and invoked with the remaining operands verbatim; no option parsing is performed apart from a sole --help/--version argument; a missing utility operand is an error with status 127.	No - or -- token is special; every word after the utility passes through unchanged.	A terminal standard input is redirected to an unreadable /dev/null before command lookup; a non-terminal standard input passes through to the utility.	HOME;LANG;LC_ALL;LC_CTYPE;LC_MESSAGES;NLSPATH;PATH	A terminal (or absent) standard output is appended to nohup.out in the invocation directory, else $HOME/nohup.out, created 0600; otherwise the utility inherits it unchanged and nohup writes nothing to it.	Diagnostics only, including the required appending-output notice; a terminal (or absent) standard error is redirected to the same destination as standard output.	Invokes the utility (documented exec-wrapper exception) with SIGHUP ignored in the utility via a trap-and-exec shell wrapper on unix, while the nohup invocation itself also survives SIGHUP; may create or append nohup.out; the utility receives exactly the invocation environment.	126 when the utility was found but cannot be invoked; 127 for an error in nohup or a utility that could not be found, unconditionally; otherwise the exit status of the utility.	XCU:nohup:SYNOPSIS,OPTIONS,OPERANDS,ENVIRONMENT_VARIABLES,STDIN,INPUT_FILES,STDOUT,STDERR,OUTPUT_FILES,EXIT_STATUS,CONSEQUENCES_OF_ERRORS	POSIX08-2016:https://pubs.opengroup.org/onlinepubs/9699919799.2016edition/utilities/nohup.html	cmds/nohup	cmds/nohup/nohup_test.go#TestNohupMissing;cmds/nohup/nohup_test.go#TestNohupInternalErrorStatusIsUnconditional;cmds/nohup/nohup_test.go#TestNohupRunsCommand;cmds/nohup/nohup_test.go#TestNohupFoundButNotExecutableReturns126;cmds/nohup/nohup_test.go#TestNohupNotFoundReturns127;cmds/nohup/nohup_test.go#TestNohupRedirectsTerminalEquivalentOutput;cmds/nohup/nohup_test.go#TestNohupRedirectsTerminalOutput;cmds/nohup/nohup_test.go#TestNohupFallsBackToHomeNohupOut;cmds/nohup/nohup_test.go#TestNohupRedirectsTerminalInput;cmds/nohup/nohup_test.go#TestNohupTerminalRedirectionDiagnostics;cmds/nohup/nohup_test.go#TestNohupDevNullOpenFailure;cmds/nohup/nohup_signal_unix_test.go#TestNohupIgnoresHangupForChild;cmds/nohup/nohup_signal_unix_test.go#TestNohupInvocationSurvivesHangup;cmds/nohup/nohup_signal_unix_test.go#TestNohupPreservesInvocationEnvironment	-	-	-	partial
od	go	cmds/od	go	cmds/od	flagset	od [-v] [-A address_base] [-j skip] [-N count] [-t type_string]... [file...]	xsi::od [-bcdosx] [file] [[+]offset[.][b]]	base;xsi	-A;-j;-N;-t;-v	xsi:-b,-c,-d,-o,-s,-x	POSIX Issue 7 only; GNU compatibility is out of scope	-A=<address_base>;-j=<skip>;-N=<count>;-t=<type_string>	file;[+]offset[.][b]	UNVERIFIED	UNVERIFIED	UNVERIFIED	LANG;LC_ALL;LC_CTYPE;LC_MESSAGES;LC_NUMERIC;NLSPATH	UNVERIFIED	UNVERIFIED	UNVERIFIED	UNVERIFIED	XCU:od:SYNOPSIS,OPTIONS,OPERANDS,ENVIRONMENT_VARIABLES,STDIN,INPUT_FILES,STDOUT,STDERR,OUTPUT_FILES,EXIT_STATUS,CONSEQUENCES_OF_ERRORS	POSIX08-2016:https://pubs.opengroup.org/onlinepubs/9699919799.2016edition/utilities/od.html	cmds/od	-	-	-	-	unverified
paste	go	cmds/paste	go	cmds/paste	flagset	paste [-s] [-d list] file...	-	base	-d;-s	-	POSIX Issue 7 only; GNU compatibility is out of scope	-d=<list>	file	One or more file operands (zero operands default to standard input as an extension); parallel mode concatenates corresponding lines replacing each newline except the last file's with the next delimiter and treats EOF on some files as empty lines; -s writes one line per file in operand order, an empty file yielding a bare newline; without -s an unopenable operand suppresses all standard output, with -s processing continues.	A file operand of - reads standard input one line at a time, circularly across the - instances; -d list elements cycle and reset per output line (per file with -s); \n, \t, \\ and \0 (empty string) are the delimiter escapes.	Used only when a file operand is - (or, as an extension, when no operands are given).	LANG;LC_ALL;LC_CTYPE;LC_MESSAGES;NLSPATH	The concatenated lines separated by tabs or the -d delimiter elements, each output line newline-terminated.	Used only for diagnostic messages.	Reads inputs without modifying them; no output files.	0 successful completion; greater than 0 if an error occurs.	XCU:paste:SYNOPSIS,OPTIONS,OPERANDS,ENVIRONMENT_VARIABLES,STDIN,INPUT_FILES,STDOUT,STDERR,OUTPUT_FILES,EXIT_STATUS,CONSEQUENCES_OF_ERRORS	POSIX08-2016:https://pubs.opengroup.org/onlinepubs/9699919799.2016edition/utilities/paste.html	cmds/paste	cmds/paste/paste_test.go#TestPasteParallel;cmds/paste/paste_test.go#TestPasteSerial;cmds/paste/paste_test.go#TestPasteStdin;cmds/paste/paste_test.go#TestPasteErrors;cmds/paste/paste_test.go#TestPasteUnknownFlag;cmds/paste/paste_test.go#TestPasteHelpAndVersion	-	-	-	partial
patch	external_provider	cmds/posixproviders	external_provider	pkg/posixprovider/manifest.tsv#patch	external	patch [-blNR] [-c|-e|-n|-u] [-d dir] [-D define] [-i patchfile] [-o outfile] [-p num] [-r rejectfile] [file]	-	base	-b;-c;-d;-D;-e;-i;-l;-n;-N;-o;-p;-R;-r;-u	-	POSIX Issue 7 only; GNU compatibility is out of scope	-d=<dir>;-D=<define>;-i=<patchfile>;-o=<outfile>;-p=<num>;-r=<rejectfile>	file	UNVERIFIED	UNVERIFIED	UNVERIFIED	LANG;LC_ALL;LC_COLLATE;LC_CTYPE;LC_MESSAGES;NLSPATH;LC_TIME	UNVERIFIED	UNVERIFIED	UNVERIFIED	UNVERIFIED	XCU:patch:SYNOPSIS,OPTIONS,OPERANDS,ENVIRONMENT_VARIABLES,STDIN,INPUT_FILES,STDOUT,STDERR,OUTPUT_FILES,EXIT_STATUS,CONSEQUENCES_OF_ERRORS	POSIX08-2016:https://pubs.opengroup.org/onlinepubs/9699919799.2016edition/utilities/patch.html	-	-	-	-	-	unverified
pathchk	go	cmds/pathchk	go	cmds/pathchk	flagset	pathchk [-p] [-P] pathname...	-	base	-p;-P	-	POSIX Issue 7 only; GNU compatibility is out of scope	-	pathname	UNVERIFIED	UNVERIFIED	UNVERIFIED	LANG;LC_ALL;LC_CTYPE;LC_MESSAGES;NLSPATH	UNVERIFIED	UNVERIFIED	UNVERIFIED	UNVERIFIED	XCU:pathchk:SYNOPSIS,OPTIONS,OPERANDS,ENVIRONMENT_VARIABLES,STDIN,INPUT_FILES,STDOUT,STDERR,OUTPUT_FILES,EXIT_STATUS,CONSEQUENCES_OF_ERRORS	POSIX08-2016:https://pubs.opengroup.org/onlinepubs/9699919799.2016edition/utilities/pathchk.html	cmds/pathchk	-	-	-	-	unverified
pax	go	cmds/pax	go	cmds/pax	flagset	pax [-dv] [-c|-n] [-H|-L] [-o options] [-f archive] [-s replstr]... [pattern...] ; pax -r[-c|-n] [-dikuv] [-H|-L] [-f archive] [-o options]... [-p string]... [-s replstr]... [pattern...] ; pax -w [-dituvX] [-H|-L] [-b blocksize] [[-a] [-f archive]] [-o options]... [-s replstr]... [-x format] [file...] ; pax -r -w [-diklntuvX] [-H|-L] [-o options]... [-p string]... [-s replstr]... [file...] directory	-	base	-r;-w;-a;-b;-c;-d;-f;-H;-i;-k;-l;-L;-n;-o;-p;-s;-t;-u;-v;-x;-X	-	POSIX Issue 7 only; GNU compatibility is out of scope	-b=<blocksize>;-f=<archive>;-o=<options>;-p=<string>;-s=<replstr>;-x=<format>	directory;file;pattern	UNVERIFIED	UNVERIFIED	UNVERIFIED	LANG;LC_ALL;LC_COLLATE;LC_CTYPE;LC_MESSAGES;LC_TIME;NLSPATH;TMPDIR;TZ	UNVERIFIED	UNVERIFIED	UNVERIFIED	UNVERIFIED	XCU:pax:SYNOPSIS,OPTIONS,OPERANDS,ENVIRONMENT_VARIABLES,STDIN,INPUT_FILES,STDOUT,STDERR,OUTPUT_FILES,EXIT_STATUS,CONSEQUENCES_OF_ERRORS	POSIX08-2016:https://pubs.opengroup.org/onlinepubs/9699919799.2016edition/utilities/pax.html	cmds/pax	-	-	-	-	unverified
pr	go	cmds/pr	go	cmds/pr	flagset	pr [+page] [-column] [-adFmrt] [-e[char][gap]] [-h header] [-i[char][gap]] [-l lines] [-n[char][width]] [-o offset] [-s[char]] [-w width] [-fp] [file...]	-	base;xsi	+<page>;-<column>;-a;-d;-e;-f;-F;-h;-i;-m;-n;-o;-p;-r;-s;-t;-w	xsi:-l	POSIX Issue 7 only; GNU compatibility is out of scope	-e[char][gap];-h=<header>;-i[char][gap];-l=<lines>;-n[char][width];-o=<offset>;-s[char];-w=<width>	file	Read file operands in order; a missing file operand or a file operand of - selects standard input. +page selects the first output page and -column selects the column count.	A file operand of - selects standard input. pr is exempt from several Utility Syntax Guidelines; this interface makes no -- delimiter claim.	Read as a text file when no file operand is given or when a file operand is -; /dev/tty supplies -p responses.	LANG;LC_ALL;LC_CTYPE;LC_MESSAGES;LC_TIME;NLSPATH;TZ	Write paginated input, including headers and trailers unless -t suppresses them; formatting is controlled by the declared page, column, tab, numbering, width, and merge options.	Used for diagnostics and to alert the terminal when -p is specified.	stdout_and_terminal_prompt	0 for successful completion; greater than 0 if an error occurs.	XCU:pr:SYNOPSIS,OPTIONS,OPERANDS,ENVIRONMENT_VARIABLES,STDIN,INPUT_FILES,STDOUT,STDERR,OUTPUT_FILES,EXIT_STATUS,CONSEQUENCES_OF_ERRORS	POSIX08-2016:https://pubs.opengroup.org/onlinepubs/9699919799.2016edition/utilities/pr.html	cmds/pr	cmds/pr/pr_test.go	-	-	-	partial
printf	go	cmds/printf	shell	shell:printf	shell_builtin	printf format [argument...]	-	base	-	-	POSIX Issue 7 only; GNU compatibility is out of scope	-	format;argument	UNVERIFIED	UNVERIFIED	UNVERIFIED	LANG;LC_ALL;LC_CTYPE;LC_MESSAGES;LC_NUMERIC;NLSPATH	UNVERIFIED	UNVERIFIED	UNVERIFIED	UNVERIFIED	XCU:printf:SYNOPSIS,OPTIONS,OPERANDS,ENVIRONMENT_VARIABLES,STDIN,INPUT_FILES,STDOUT,STDERR,OUTPUT_FILES,EXIT_STATUS,CONSEQUENCES_OF_ERRORS	POSIX08-2016:https://pubs.opengroup.org/onlinepubs/9699919799.2016edition/utilities/printf.html	-	-	-	bashy:internal/cli/profile_b_routing_test.go#TestProfileBRoutePrintf	-	unverified
ps	go	cmds/ps	go	cmds/ps	flagset	-	xsi::ps [-aA] [-defl] [-g grouplist] [-G grouplist] [-n namelist] [-o format]... [-p proclist] [-t termlist] [-u userlist] [-U userlist]	xsi	-	xsi:-a,-A,-d,-e,-f,-g,-G,-l,-n,-o,-p,-t,-u,-U	POSIX Issue 7 only; GNU compatibility is out of scope	-g=<grouplist>;-G=<grouplist>;-n=<namelist>;-o=<format>;-p=<proclist>;-t=<termlist>;-u=<userlist>;-U=<userlist>	-	UNVERIFIED	UNVERIFIED	UNVERIFIED	COLUMNS;LANG;LC_ALL;LC_CTYPE;LC_MESSAGES;LC_TIME;NLSPATH;TZ	UNVERIFIED	UNVERIFIED	UNVERIFIED	UNVERIFIED	XCU:ps:SYNOPSIS,OPTIONS,OPERANDS,ENVIRONMENT_VARIABLES,STDIN,INPUT_FILES,STDOUT,STDERR,OUTPUT_FILES,EXIT_STATUS,CONSEQUENCES_OF_ERRORS	POSIX08-2016:https://pubs.opengroup.org/onlinepubs/9699919799.2016edition/utilities/ps.html	cmds/ps	-	-	-	-	unverified
pwd	go	cmds/pwd	shell	shell:pwd	shell_builtin	pwd [-L|-P]	-	base	-L;-P	-	POSIX Issue 7 only; GNU compatibility is out of scope	-	-	UNVERIFIED	UNVERIFIED	UNVERIFIED	LANG;LC_ALL;LC_MESSAGES;NLSPATH;PWD	UNVERIFIED	UNVERIFIED	UNVERIFIED	UNVERIFIED	XCU:pwd:SYNOPSIS,OPTIONS,OPERANDS,ENVIRONMENT_VARIABLES,STDIN,INPUT_FILES,STDOUT,STDERR,OUTPUT_FILES,EXIT_STATUS,CONSEQUENCES_OF_ERRORS	POSIX08-2016:https://pubs.opengroup.org/onlinepubs/9699919799.2016edition/utilities/pwd.html	-	-	-	bashy:internal/cli/profile_b_routing_test.go#TestProfileBRoutePwd	-	unverified
read	shell_only	-	shell	shell:read	shell_builtin	read [-r] var...	-	base	-r	-	POSIX Issue 7 only; GNU compatibility is out of scope	-	var	UNVERIFIED	UNVERIFIED	UNVERIFIED	IFS;LANG;LC_ALL;LC_CTYPE;LC_MESSAGES;NLSPATH;PS2	UNVERIFIED	UNVERIFIED	UNVERIFIED	UNVERIFIED	XCU:read:SYNOPSIS,OPTIONS,OPERANDS,ENVIRONMENT_VARIABLES,STDIN,INPUT_FILES,STDOUT,STDERR,OUTPUT_FILES,EXIT_STATUS,CONSEQUENCES_OF_ERRORS	POSIX08-2016:https://pubs.opengroup.org/onlinepubs/9699919799.2016edition/utilities/read.html	-	-	-	bashy:internal/cli/profile_b_routing_test.go#TestProfileBRouteRead	-	unverified
renice	go	cmds/renice	go	cmds/renice	flagset	renice [-g|-p|-u] -n increment ID...	-	base	-g;-n;-p;-u	-	POSIX Issue 7 only; GNU compatibility is out of scope	-n=<increment>	ID	UNVERIFIED	UNVERIFIED	UNVERIFIED	LANG;LC_ALL;LC_CTYPE;LC_MESSAGES;NLSPATH	UNVERIFIED	UNVERIFIED	UNVERIFIED	UNVERIFIED	XCU:renice:SYNOPSIS,OPTIONS,OPERANDS,ENVIRONMENT_VARIABLES,STDIN,INPUT_FILES,STDOUT,STDERR,OUTPUT_FILES,EXIT_STATUS,CONSEQUENCES_OF_ERRORS	POSIX08-2016:https://pubs.opengroup.org/onlinepubs/9699919799.2016edition/utilities/renice.html	cmds/renice	-	-	-	-	unverified
rm	go	cmds/rm	go	cmds/rm	flagset	rm [-iRr] file... ; rm -f [-iRr] [file...]	-	base	-f;-i;-R;-r	-	POSIX Issue 7 only; GNU compatibility is out of scope	-	file	UNVERIFIED	UNVERIFIED	UNVERIFIED	LANG;LC_ALL;LC_COLLATE;LC_CTYPE;LC_MESSAGES;NLSPATH	UNVERIFIED	UNVERIFIED	UNVERIFIED	UNVERIFIED	XCU:rm:SYNOPSIS,OPTIONS,OPERANDS,ENVIRONMENT_VARIABLES,STDIN,INPUT_FILES,STDOUT,STDERR,OUTPUT_FILES,EXIT_STATUS,CONSEQUENCES_OF_ERRORS	POSIX08-2016:https://pubs.opengroup.org/onlinepubs/9699919799.2016edition/utilities/rm.html	cmds/rm	-	-	-	-	unverified
rmdir	go	cmds/rmdir	go	cmds/rmdir	flagset	rmdir [-p] dir...	-	base	-p	-	POSIX Issue 7 only; GNU compatibility is out of scope	NONE	dir	Process each dir pathname in operand order and remove its empty directory entry as by rmdir(); under -p, after removing a multi-component operand, repeatedly remove its dirname ancestors until completion or the first failure.	-- ends option parsing; a lone - after it is a literal directory pathname, not standard input.	Not used.	LANG;LC_ALL;LC_CTYPE;LC_MESSAGES;NLSPATH	Not used.	Used only for diagnostic messages.	Removes each named empty directory and, with -p, removable pathname ancestors.	0 only when every directory entry specified by an operand is removed successfully; greater than 0 if an error occurs.	XCU:rmdir:SYNOPSIS,OPTIONS,OPERANDS,ENVIRONMENT_VARIABLES,STDIN,INPUT_FILES,STDOUT,STDERR,OUTPUT_FILES,EXIT_STATUS,CONSEQUENCES_OF_ERRORS	POSIX08-2016:https://pubs.opengroup.org/onlinepubs/9699919799.2016edition/utilities/rmdir.html	cmds/rmdir	cmds/rmdir/rmdir_test.go#TestRmdirEmpty;cmds/rmdir/rmdir_test.go#TestRmdirParents;cmds/rmdir/rmdir_test.go#TestRmdirParentsStopsOnNonEmpty;cmds/rmdir/rmdir_test.go#TestRmdirContinuesPastErrors;cmds/rmdir/rmdir_test.go#TestRmdirDoubleDashOperand;cmds/rmdir/rmdir_test.go#TestRmdirDashOperand	-	-	-	partial
sed	go	cmds/sed	go	cmds/sed	custom	sed [-n] script [file...] ; sed [-n] -e script [-e script]... [-f script_file]... [file...] ; sed [-n] [-e script]... -f script_file [-f script_file]... [file...]	-	base	-e;-f;-n	-	POSIX Issue 7 only; GNU compatibility is out of scope	-e=<script>;-f=<script_file>	file;script	UNVERIFIED	UNVERIFIED	UNVERIFIED	LANG;LC_ALL;LC_COLLATE;LC_CTYPE;LC_MESSAGES;NLSPATH	UNVERIFIED	UNVERIFIED	UNVERIFIED	UNVERIFIED	XCU:sed:SYNOPSIS,OPTIONS,OPERANDS,ENVIRONMENT_VARIABLES,STDIN,INPUT_FILES,STDOUT,STDERR,OUTPUT_FILES,EXIT_STATUS,CONSEQUENCES_OF_ERRORS	POSIX08-2016:https://pubs.opengroup.org/onlinepubs/9699919799.2016edition/utilities/sed.html	cmds/sed	-	-	-	-	unverified
sh	shell_only	-	shell	shell:sh	shell_entrypoint	sh [-abCefhimnuvx] [-o option]... [+abCefhimnuvx] [+o option]... [command_file [argument...]] ; sh -c [-abCefhimnuvx] [-o option]... [+abCefhimnuvx] [+o option]... command_string [command_name [argument...]] ; sh -s [-abCefhimnuvx] [-o option]... [+abCefhimnuvx] [+o option]... [argument...]	-	base	-a;-b;-C;-e;-f;-h;-i;-m;-n;-u;-v;-x;-o;+a;+b;+C;+e;+f;+h;+i;+m;+n;+u;+v;+x;+o;-c;-s	-	POSIX Issue 7 only; GNU compatibility is out of scope	-o=<option>;+o=<option>	-;argument;command_file;command_name;command_string	UNVERIFIED	UNVERIFIED	UNVERIFIED	ENV;FCEDIT;HISTFILE;HISTSIZE;HOME;LANG;LC_ALL;LC_COLLATE;LC_CTYPE;LC_MESSAGES;MAIL;MAILCHECK;MAILPATH;NLSPATH;PATH;PWD	UNVERIFIED	UNVERIFIED	UNVERIFIED	UNVERIFIED	XCU:sh:SYNOPSIS,OPTIONS,OPERANDS,ENVIRONMENT_VARIABLES,STDIN,INPUT_FILES,STDOUT,STDERR,OUTPUT_FILES,EXIT_STATUS,CONSEQUENCES_OF_ERRORS	POSIX08-2016:https://pubs.opengroup.org/onlinepubs/9699919799.2016edition/utilities/sh.html	-	-	-	bashy:internal/cli/profile_b_routing_test.go#TestProfileBRouteSh	-	unverified
sleep	go	cmds/sleep	go	cmds/sleep	flagset	sleep time	-	base	NONE	-	POSIX Issue 7 only; GNU compatibility is out of scope	NONE	time	Accept the Issue 7 time operand as a non-negative decimal integer and suspend execution for at least that many integral seconds.	-- ends option parsing; Issue 7 defines no command-specific special token.	Not used.	LANG;LC_ALL;LC_CTYPE;LC_MESSAGES;NLSPATH	Not used.	Used only for diagnostic messages.	Suspends the invoking execution for at least time seconds; SIGALRM may complete successfully, be ignored, or take its default action, and other signals take their standard action.	0 after a successful suspension of at least time seconds or an allowed successful SIGALRM disposition; greater than 0 if an error occurs.	XCU:sleep:SYNOPSIS,OPTIONS,OPERANDS,ENVIRONMENT_VARIABLES,STDIN,INPUT_FILES,STDOUT,STDERR,OUTPUT_FILES,EXIT_STATUS,CONSEQUENCES_OF_ERRORS	POSIX08-2016:https://pubs.opengroup.org/onlinepubs/9699919799.2016edition/utilities/sleep.html	cmds/sleep	cmds/sleep/sleep_test.go#TestSleepZeroish;cmds/sleep/sleep_test.go#TestSleepIssue7IntegralDuration;cmds/sleep/sleep_test.go#TestSleepErrors	-	-	-	partial
sort	go	cmds/sort	go	cmds/sort	flagset	sort [-m] [-o output] [-bdfinru] [-t char] [-k keydef]... [file...] ; sort [-c|-C] [-bdfinru] [-t char] [-k keydef] [file]	-	base	-c;-C;-m;-o;-u;-d;-f;-i;-n;-r;-b;-t;-k	-	POSIX Issue 7 only; GNU compatibility is out of scope	-o=<output>;-t=<char>;-k=<keydef>	file	UNVERIFIED	UNVERIFIED	UNVERIFIED	LANG;LC_ALL;LC_COLLATE;LC_CTYPE;LC_MESSAGES;LC_NUMERIC;NLSPATH	UNVERIFIED	UNVERIFIED	UNVERIFIED	UNVERIFIED	XCU:sort:SYNOPSIS,OPTIONS,OPERANDS,ENVIRONMENT_VARIABLES,STDIN,INPUT_FILES,STDOUT,STDERR,OUTPUT_FILES,EXIT_STATUS,CONSEQUENCES_OF_ERRORS	POSIX08-2016:https://pubs.opengroup.org/onlinepubs/9699919799.2016edition/utilities/sort.html	cmds/sort	-	-	-	-	unverified
split	go	cmds/split	go	cmds/split	flagset	split [-l line_count] [-a suffix_length] [file [name]] ; split -b n[k|m] [-a suffix_length] [file [name]]	-	base	-a;-b;-l	-	POSIX Issue 7 only; GNU compatibility is out of scope	-a=<suffix_length>;-b=<n>;-l=<line_count>	file;name	UNVERIFIED	UNVERIFIED	UNVERIFIED	LANG;LC_ALL;LC_CTYPE;LC_MESSAGES;NLSPATH	UNVERIFIED	UNVERIFIED	UNVERIFIED	UNVERIFIED	XCU:split:SYNOPSIS,OPTIONS,OPERANDS,ENVIRONMENT_VARIABLES,STDIN,INPUT_FILES,STDOUT,STDERR,OUTPUT_FILES,EXIT_STATUS,CONSEQUENCES_OF_ERRORS	POSIX08-2016:https://pubs.opengroup.org/onlinepubs/9699919799.2016edition/utilities/split.html	cmds/split	-	-	-	-	unverified
strings	go	cmds/strings	go	cmds/strings	flagset	strings [-a] [-t format] [-n number] [file...]	-	base	-a;-n;-t	-	POSIX Issue 7 only; GNU compatibility is out of scope	-n=<number>;-t=<format>	file	UNVERIFIED	UNVERIFIED	UNVERIFIED	LANG;LC_ALL;LC_CTYPE;LC_MESSAGES;NLSPATH	UNVERIFIED	UNVERIFIED	UNVERIFIED	UNVERIFIED	XCU:strings:SYNOPSIS,OPTIONS,OPERANDS,ENVIRONMENT_VARIABLES,STDIN,INPUT_FILES,STDOUT,STDERR,OUTPUT_FILES,EXIT_STATUS,CONSEQUENCES_OF_ERRORS	POSIX08-2016:https://pubs.opengroup.org/onlinepubs/9699919799.2016edition/utilities/strings.html	cmds/strings	-	-	-	-	unverified
strip	external_provider	cmds/posixproviders	external_provider	pkg/posixprovider/manifest.tsv#strip	external	-	development::strip file...	development	-	-	POSIX Issue 7 only; GNU compatibility is out of scope	-	file	UNVERIFIED	UNVERIFIED	UNVERIFIED	LANG;LC_ALL;LC_CTYPE;LC_MESSAGES;NLSPATH	UNVERIFIED	UNVERIFIED	UNVERIFIED	UNVERIFIED	XCU:strip:SYNOPSIS,OPTIONS,OPERANDS,ENVIRONMENT_VARIABLES,STDIN,INPUT_FILES,STDOUT,STDERR,OUTPUT_FILES,EXIT_STATUS,CONSEQUENCES_OF_ERRORS	POSIX08-2016:https://pubs.opengroup.org/onlinepubs/9699919799.2016edition/utilities/strip.html	-	-	-	-	-	unverified
stty	go	cmds/stty	go	cmds/stty	custom	stty [-a|-g] ; stty operand...	-	base	-a;-g	-	POSIX Issue 7 only; GNU compatibility is out of scope	-	parenb (-parenb);parodd (-parodd);cs5 cs6 cs7 cs8;number;ispeed number;ospeed number;hupcl (-hupcl);hup (-hup);cstopb (-cstopb);cread (-cread);clocal (-clocal);ignbrk (-ignbrk);brkint (-brkint);ignpar (-ignpar);parmrk (-parmrk);inpck (-inpck);istrip (-istrip);inlcr (-inlcr);igncr (-igncr);icrnl (-icrnl);ixon (-ixon);ixany (-ixany);ixoff (-ixoff);opost (-opost);onlcr (-onlcr);ocrnl (-ocrnl);onocr (-onocr);onlret (-onlret);ofill (-ofill);ofdel (-ofdel);cr0 cr1 cr2 cr3;nl0 nl1;tab0 tab1 tab2 tab3;tabs (-tabs);bs0 bs1;ff0 ff1;vt0 vt1;isig (-isig);icanon (-icanon);iexten (-iexten);echo (-echo);echoe (-echoe);echok (-echok);echonl (-echonl);noflsh (-noflsh);tostop (-tostop);<control>-character string;min number;time number;saved settings;evenp or parity;oddp;-parity, -evenp, or -oddp;raw (-raw or cooked);nl (-nl);ek;sane	UNVERIFIED	UNVERIFIED	UNVERIFIED	LANG;LC_ALL;LC_CTYPE;LC_MESSAGES;NLSPATH	UNVERIFIED	UNVERIFIED	UNVERIFIED	UNVERIFIED	XCU:stty:SYNOPSIS,OPTIONS,OPERANDS,ENVIRONMENT_VARIABLES,STDIN,INPUT_FILES,STDOUT,STDERR,OUTPUT_FILES,EXIT_STATUS,CONSEQUENCES_OF_ERRORS	POSIX08-2016:https://pubs.opengroup.org/onlinepubs/9699919799.2016edition/utilities/stty.html	cmds/stty	-	-	-	-	unverified
tabs	go	cmds/tabs	go	cmds/tabs	flagset	tabs [-T type] n[[sep[+]n]...]	xsi::tabs [-n|-a|-a2|-c|-c2|-c3|-f|-p|-s|-u] [-T type]	base;xsi	-T	xsi:-<n>,-a,-a2,-c,-c2,-c3,-f,-p,-s,-u	POSIX Issue 7 only; GNU compatibility is out of scope	-T=<type>	n[[sep[+]n]...]	UNVERIFIED	UNVERIFIED	UNVERIFIED	LANG;LC_ALL;LC_CTYPE;LC_MESSAGES;NLSPATH;TERM	UNVERIFIED	UNVERIFIED	UNVERIFIED	UNVERIFIED	XCU:tabs:SYNOPSIS,OPTIONS,OPERANDS,ENVIRONMENT_VARIABLES,STDIN,INPUT_FILES,STDOUT,STDERR,OUTPUT_FILES,EXIT_STATUS,CONSEQUENCES_OF_ERRORS	POSIX08-2016:https://pubs.opengroup.org/onlinepubs/9699919799.2016edition/utilities/tabs.html	cmds/tabs	-	-	-	-	unverified
tail	go	cmds/tail	go	cmds/tail	flagset	tail [-f] [-c number|-n number] [file]	-	base	-c;-f;-n	-	POSIX Issue 7 only; GNU compatibility is out of scope	-c=<number>;-n=<number>	file	UNVERIFIED	UNVERIFIED	UNVERIFIED	LANG;LC_ALL;LC_CTYPE;LC_MESSAGES;NLSPATH	UNVERIFIED	UNVERIFIED	UNVERIFIED	UNVERIFIED	XCU:tail:SYNOPSIS,OPTIONS,OPERANDS,ENVIRONMENT_VARIABLES,STDIN,INPUT_FILES,STDOUT,STDERR,OUTPUT_FILES,EXIT_STATUS,CONSEQUENCES_OF_ERRORS	POSIX08-2016:https://pubs.opengroup.org/onlinepubs/9699919799.2016edition/utilities/tail.html	cmds/tail	-	-	-	-	unverified
talk	external_provider	cmds/posixproviders	external_provider	pkg/posixprovider/manifest.tsv#talk	external	-	optional::talk address [terminal]	optional	-	-	POSIX Issue 7 only; GNU compatibility is out of scope	-	address;terminal	UNVERIFIED	UNVERIFIED	UNVERIFIED	LANG;LC_ALL;LC_CTYPE;LC_MESSAGES;NLSPATH;TERM	UNVERIFIED	UNVERIFIED	UNVERIFIED	UNVERIFIED	XCU:talk:SYNOPSIS,OPTIONS,OPERANDS,ENVIRONMENT_VARIABLES,STDIN,INPUT_FILES,STDOUT,STDERR,OUTPUT_FILES,EXIT_STATUS,CONSEQUENCES_OF_ERRORS	POSIX08-2016:https://pubs.opengroup.org/onlinepubs/9699919799.2016edition/utilities/talk.html	-	-	-	-	-	unverified
tee	go	cmds/tee	go	cmds/tee	flagset	tee [-ai] [file...]	-	base	-a;-i	-	POSIX Issue 7 only; GNU compatibility is out of scope	NONE	file	Copy standard input without buffering to standard output and every file operand; without -a create or truncate named files, with -a append; support at least 13 file operands; after a write failure on one opened file diagnose it and continue the other opened files and standard output.	-- ends option parsing; a file operand of - always names a literal file called -, never standard output.	Read as a byte stream of any type and copy without buffering.	LANG;LC_ALL;LC_CTYPE;LC_MESSAGES;NLSPATH	Write an exact copy of standard input.	Used only for diagnostic messages, including non-signal output errors.	Creates or truncates each named output file by default, appends under -a, and ignores SIGINT while -i is active.	0 only when standard input is copied successfully to standard output and all output files; greater than 0 if an error occurs.	XCU:tee:SYNOPSIS,OPTIONS,OPERANDS,ENVIRONMENT_VARIABLES,STDIN,INPUT_FILES,STDOUT,STDERR,OUTPUT_FILES,EXIT_STATUS,CONSEQUENCES_OF_ERRORS	POSIX08-2016:https://pubs.opengroup.org/onlinepubs/9699919799.2016edition/utilities/tee.html	cmds/tee	cmds/tee/tee_test.go#TestTeeStdoutOnly;cmds/tee/tee_test.go#TestTeeWritesFiles;cmds/tee/tee_test.go#TestTeeTruncatesByDefault;cmds/tee/tee_test.go#TestTeeAppend;cmds/tee/tee_test.go#TestTeeOpenErrorContinues;cmds/tee/tee_test.go#TestTeeDashIsLiteralFileName;cmds/tee/tee_test.go#TestTeeStdoutWriteErrorPOSIX;cmds/tee/run_signal_test.go#TestTeeIgnoreInterruptsActual;cmds/tee/tee_posix_linux_test.go#TestTeeIssue7FileWriteFailureContinues	-	-	-	partial
test	go	cmds/test	shell	shell:test	shell_builtin	test [expression] ; [ [expression] ]	-	base	-	-	POSIX Issue 7 only; GNU compatibility is out of scope	-	-b pathname;-c pathname;-d pathname;-e pathname;-f pathname;-g pathname;-h pathname;-L pathname;-n string;-p pathname;-r pathname;-S pathname;-s pathname;-t file_descriptor;-u pathname;-w pathname;-x pathname;-z string;string;s1 = s2;s1 != s2;n1 -eq n2;n1 -ne n2;n1 -gt n2;n1 -ge n2;n1 -lt n2;n1 -le n2;expression1 -a expression2;expression1 -o expression2;! expression;( expression )	Evaluate the expression using the POSIX zero-through-four-argument rules and the specified primaries and operators.	The operand -- is expression data: test does not recognize it as the Guideline 10 end-of-options delimiter. A lone - is likewise an expression operand.	Not used.	LANG;LC_ALL;LC_CTYPE;LC_MESSAGES;NLSPATH	Not used.	Used only for diagnostic messages.	status_only	0 if expression evaluates true; 1 if it evaluates false; greater than 1 on error or invalid expression.	XCU:test:SYNOPSIS,OPTIONS,OPERANDS,ENVIRONMENT_VARIABLES,STDIN,INPUT_FILES,STDOUT,STDERR,OUTPUT_FILES,EXIT_STATUS,CONSEQUENCES_OF_ERRORS	POSIX08-2016:https://pubs.opengroup.org/onlinepubs/9699919799.2016edition/utilities/test.html	-	-	-	bashy:internal/cli/profile_b_routing_test.go#TestProfileBRouteTest	-	unverified
time	go	cmds/time	shell	shell:time	shell_keyword	time [-p] utility [argument...]	-	base	-p	-	POSIX Issue 7 only; GNU compatibility is out of scope	-	utility;argument	UNVERIFIED	UNVERIFIED	UNVERIFIED	LANG;LC_ALL;LC_CTYPE;LC_MESSAGES;LC_NUMERIC;NLSPATH;PATH	UNVERIFIED	UNVERIFIED	UNVERIFIED	UNVERIFIED	XCU:time:SYNOPSIS,OPTIONS,OPERANDS,ENVIRONMENT_VARIABLES,STDIN,INPUT_FILES,STDOUT,STDERR,OUTPUT_FILES,EXIT_STATUS,CONSEQUENCES_OF_ERRORS	POSIX08-2016:https://pubs.opengroup.org/onlinepubs/9699919799.2016edition/utilities/time.html	-	-	-	bashy:internal/cli/profile_b_routing_test.go#TestProfileBRouteTime	-	unverified
touch	go	cmds/touch	go	cmds/touch	flagset	touch [-acm] [-r ref_file|-t time|-d date_time] file...	-	base	-a;-c;-d;-m;-r;-t	-	POSIX Issue 7 only; GNU compatibility is out of scope	-d=<date_time>;-r=<ref_file>;-t=<time>	file	Each file operand is processed independently and a failure continues with the rest; an absent file is created empty with mode 0666 unless -c (whose suppressed creation is not an error); neither -a nor -m selects both; without -r, -t, or -d the current time is used; - is an ordinary pathname.	-r, -t, and -d are mutually exclusive time sources; -t accepts [[CC]YY]MMDDhhmm[.SS] with 69-99/00-68 century windowing and SS=60 meaning one second after :59 (rolling into the next day at 23:59); -d accepts YYYY-MM-DDThh:mm:SS with T or space separator, period or comma fraction, and empty (local) or Z (UTC) timezone; option parsing stops at the first operand.	Not used.	LANG;LC_ALL;LC_CTYPE;LC_MESSAGES;NLSPATH;TZ	Not used.	Used only for diagnostic messages.	Sets the access and/or modification times selected by -a/-m of each file to the current time, the -r reference file's corresponding times, or the -t/-d time interpreted in TZ from the invocation environment; creates absent files unless -c.	0 when all requested time changes were made; greater than 0 if an error occurred.	XCU:touch:SYNOPSIS,OPTIONS,OPERANDS,ENVIRONMENT_VARIABLES,STDIN,INPUT_FILES,STDOUT,STDERR,OUTPUT_FILES,EXIT_STATUS,CONSEQUENCES_OF_ERRORS	POSIX08-2016:https://pubs.opengroup.org/onlinepubs/9699919799.2016edition/utilities/touch.html	cmds/touch	cmds/touch/touch_test.go#TestTouchCreates;cmds/touch/touch_test.go#TestTouchStamp;cmds/touch/touch_test.go#TestTouchStampUsesInvocationTZAndCurrentYear;cmds/touch/touch_test.go#TestTouchStopsOptionParsingAtFirstOperand;cmds/touch/touch_test.go#TestTouchDate;cmds/touch/touch_test.go#TestTouchDateISOSeconds60AndFractions;cmds/touch/touch_test.go#TestTouchNoCreate;cmds/touch/touch_test.go#TestTouchReference;cmds/touch/touch_test.go#TestTouchAccessOnly;cmds/touch/touch_test.go#TestTouchCurrentTimeExisting;cmds/touch/touch_test.go#TestTouchCurrentTimePartial;cmds/touch/touch_test.go#TestTouchErrors;cmds/touch/touch_test.go#TestTouchDashIsAnOrdinaryPathname;cmds/touch/touch_stamp_boundary_test.go#TestTouchStampSecond60RollsForward	-	-	-	partial
tput	go	cmds/tput	go	cmds/tput	flagset	tput [-T type] operand...	-	base	-T	-	POSIX Issue 7 only; GNU compatibility is out of scope	-T=<type>	clear;init;reset	UNVERIFIED	UNVERIFIED	UNVERIFIED	LANG;LC_ALL;LC_CTYPE;LC_MESSAGES;NLSPATH;TERM	UNVERIFIED	UNVERIFIED	UNVERIFIED	UNVERIFIED	XCU:tput:SYNOPSIS,OPTIONS,OPERANDS,ENVIRONMENT_VARIABLES,STDIN,INPUT_FILES,STDOUT,STDERR,OUTPUT_FILES,EXIT_STATUS,CONSEQUENCES_OF_ERRORS	POSIX08-2016:https://pubs.opengroup.org/onlinepubs/9699919799.2016edition/utilities/tput.html	cmds/tput	-	-	-	-	unverified
tr	go	cmds/tr	go	cmds/tr	flagset	tr [-c|-C] [-s] string1 string2 ; tr -s [-c|-C] string1 ; tr -d [-c|-C] string1 ; tr -ds [-c|-C] string1 string2	-	base	-c;-C;-d;-s	-	POSIX Issue 7 only; GNU compatibility is out of scope	-	string1, string2	UNVERIFIED	UNVERIFIED	UNVERIFIED	LANG;LC_ALL;LC_COLLATE;LC_CTYPE;LC_MESSAGES;NLSPATH	UNVERIFIED	UNVERIFIED	UNVERIFIED	UNVERIFIED	XCU:tr:SYNOPSIS,OPTIONS,OPERANDS,ENVIRONMENT_VARIABLES,STDIN,INPUT_FILES,STDOUT,STDERR,OUTPUT_FILES,EXIT_STATUS,CONSEQUENCES_OF_ERRORS	POSIX08-2016:https://pubs.opengroup.org/onlinepubs/9699919799.2016edition/utilities/tr.html	cmds/tr	-	-	-	-	unverified
true	go	cmds/true	shell	shell:true	shell_builtin	true	-	base	-	-	POSIX Issue 7 only; GNU compatibility is out of scope	-	-	No operands are specified.	UNVERIFIED	Not used.	-	Not used.	Not used.	status_only	Always 0.	XCU:true:SYNOPSIS,OPTIONS,OPERANDS,ENVIRONMENT_VARIABLES,STDIN,INPUT_FILES,STDOUT,STDERR,OUTPUT_FILES,EXIT_STATUS,CONSEQUENCES_OF_ERRORS	POSIX08-2016:https://pubs.opengroup.org/onlinepubs/9699919799.2016edition/utilities/true.html	-	-	-	bashy:internal/cli/profile_b_routing_test.go#TestProfileBRouteTrue	-	unverified
tsort	go	cmds/tsort	go	cmds/tsort	flagset	tsort [file]	-	base	NONE	-	POSIX Issue 7 only; GNU compatibility is out of scope	NONE	file	Read blank-separated pairs of non-empty items; unequal items impose first-before-second ordering and identical items declare presence; write every item once in a total order consistent with all imposed relations.	-- ends option parsing; this implementation treats a file operand of - as standard input.	Used when file is omitted or is -; otherwise not used.	LANG;LC_ALL;LC_CTYPE;LC_MESSAGES;NLSPATH	Write a text file containing one total ordering consistent with the partial-order input.	Used only for diagnostic messages.	Reads the input without modifying it; output is standard output only.	0 for successful completion; greater than 0 if an error occurs.	XCU:tsort:SYNOPSIS,OPTIONS,OPERANDS,ENVIRONMENT_VARIABLES,STDIN,INPUT_FILES,STDOUT,STDERR,OUTPUT_FILES,EXIT_STATUS,CONSEQUENCES_OF_ERRORS	POSIX08-2016:https://pubs.opengroup.org/onlinepubs/9699919799.2016edition/utilities/tsort.html	cmds/tsort	cmds/tsort/tsort_test.go#TestTsort;cmds/tsort/tsort_test.go#TestTsortFileOperand;cmds/tsort/tsort_test.go#TestTsortErrors;cmds/tsort/tsort_test.go#TestTsortPOSIXExample	-	-	-	partial
tty	go	cmds/tty	go	cmds/tty	flagset	tty	-	base	NONE	-	POSIX Issue 7 only; GNU compatibility is out of scope	NONE	NONE	No operands are accepted; examine standard input to determine whether it is a terminal and, if so, obtain a ttyname()-equivalent pathname.	-- ends option parsing; Issue 7 specifies no tty options or operands.	Examined but not read to determine terminal status and name.	LANG;LC_ALL;LC_CTYPE;LC_MESSAGES;NLSPATH	For a terminal write its ttyname()-equivalent pathname and newline; otherwise write an informative message, exactly not a tty followed by newline in the POSIX locale.	Used only for diagnostic messages.	Examines the standard-input descriptor without consuming input or modifying files.	0 when standard input is a terminal; 1 when it is not; greater than 1 if an error occurs.	XCU:tty:SYNOPSIS,OPTIONS,OPERANDS,ENVIRONMENT_VARIABLES,STDIN,INPUT_FILES,STDOUT,STDERR,OUTPUT_FILES,EXIT_STATUS,CONSEQUENCES_OF_ERRORS	POSIX08-2016:https://pubs.opengroup.org/onlinepubs/9699919799.2016edition/utilities/tty.html	cmds/tty	cmds/tty/tty_posix_test.go#TestTTYTerminalName;cmds/tty/tty_test.go#TestTTYNotAFile;cmds/tty/tty_test.go#TestTTYWriteError;cmds/tty/tty_test.go#TestTTYErrors	-	-	-	partial
umask	shell_only	-	shell	shell:umask	shell_builtin	umask [-S] [mask]	-	base	-S	-	POSIX Issue 7 only; GNU compatibility is out of scope	-	mask	UNVERIFIED	UNVERIFIED	UNVERIFIED	LANG;LC_ALL;LC_CTYPE;LC_MESSAGES;NLSPATH	UNVERIFIED	UNVERIFIED	UNVERIFIED	UNVERIFIED	XCU:umask:SYNOPSIS,OPTIONS,OPERANDS,ENVIRONMENT_VARIABLES,STDIN,INPUT_FILES,STDOUT,STDERR,OUTPUT_FILES,EXIT_STATUS,CONSEQUENCES_OF_ERRORS	POSIX08-2016:https://pubs.opengroup.org/onlinepubs/9699919799.2016edition/utilities/umask.html	-	-	-	bashy:internal/cli/profile_b_routing_test.go#TestProfileBRouteUmask	-	unverified
unalias	shell_only	-	shell	shell:unalias	shell_builtin	unalias alias-name... ; unalias -a	-	base	-a	-	POSIX Issue 7 only; GNU compatibility is out of scope	-	alias-name	UNVERIFIED	UNVERIFIED	UNVERIFIED	LANG;LC_ALL;LC_CTYPE;LC_MESSAGES;NLSPATH	UNVERIFIED	UNVERIFIED	UNVERIFIED	UNVERIFIED	XCU:unalias:SYNOPSIS,OPTIONS,OPERANDS,ENVIRONMENT_VARIABLES,STDIN,INPUT_FILES,STDOUT,STDERR,OUTPUT_FILES,EXIT_STATUS,CONSEQUENCES_OF_ERRORS	POSIX08-2016:https://pubs.opengroup.org/onlinepubs/9699919799.2016edition/utilities/unalias.html	-	-	-	bashy:internal/cli/profile_b_routing_test.go#TestProfileBRouteUnalias	-	unverified
uname	go	cmds/uname	go	cmds/uname	flagset	uname [-amnrsv]	-	base	-a;-m;-n;-r;-s;-v	-	POSIX Issue 7 only; GNU compatibility is out of scope	NONE	NONE	Any operand is rejected as a usage error.	-- ends option parsing; trailing words are still rejected operands.	Not used.	LANG;LC_ALL;LC_CTYPE;LC_MESSAGES;NLSPATH	One line of the selected symbols in the fixed order sysname nodename release version machine regardless of flag order, separated by single spaces; no flags means -s; -a selects exactly -mnrsv; a platform without a kernel-version symbol omits that field consistently so -a -v equals -a.	Used only for diagnostic messages.	Values come from uname(2) on unix (whitespace runs collapsed); on Windows the kernel name is Windows_NT, the release is major.minor.build from RtlGetVersion, the machine maps GOARCH to the GNU spelling, and no kernel-version symbol exists.	0 when the requested information was written; 1 when the system probe fails; 2 usage.	XCU:uname:SYNOPSIS,OPTIONS,OPERANDS,ENVIRONMENT_VARIABLES,STDIN,INPUT_FILES,STDOUT,STDERR,OUTPUT_FILES,EXIT_STATUS,CONSEQUENCES_OF_ERRORS	POSIX08-2016:https://pubs.opengroup.org/onlinepubs/9699919799.2016edition/utilities/uname.html	cmds/uname	cmds/uname/uname_test.go#TestUnameDefaultIsKernelName;cmds/uname/uname_test.go#TestUnameFields;cmds/uname/uname_test.go#TestUnameCombinedAndAll;cmds/uname/uname_test.go#TestUnameAllIsExactlyMNRSV;cmds/uname/uname_test.go#TestUnameErrors;cmds/uname/uname_assemble_test.go#TestAssembleSkipsEmptyVersion;cmds/uname/uname_assemble_test.go#TestAssembleFixedOrderWithVersion	-	-	-	partial
unexpand	go	cmds/unexpand	go	cmds/unexpand	flagset	unexpand [-a|-t tablist] [file...]	-	base	-a;-t	-	POSIX Issue 7 only; GNU compatibility is out of scope	-t=<tablist>	file	UNVERIFIED	UNVERIFIED	UNVERIFIED	LANG;LC_ALL;LC_CTYPE;LC_MESSAGES;NLSPATH	UNVERIFIED	UNVERIFIED	UNVERIFIED	UNVERIFIED	XCU:unexpand:SYNOPSIS,OPTIONS,OPERANDS,ENVIRONMENT_VARIABLES,STDIN,INPUT_FILES,STDOUT,STDERR,OUTPUT_FILES,EXIT_STATUS,CONSEQUENCES_OF_ERRORS	POSIX08-2016:https://pubs.opengroup.org/onlinepubs/9699919799.2016edition/utilities/unexpand.html	cmds/unexpand	-	-	-	-	unverified
uniq	go	cmds/uniq	go	cmds/uniq	flagset	uniq [-c|-d|-u] [-f fields] [-s char] [input_file [output_file]]	-	base	-c;-d;-f;-s;-u	-	POSIX Issue 7 only; GNU compatibility is out of scope	-f=<fields>;-s=<chars>	input_file;output_file	UNVERIFIED	UNVERIFIED	UNVERIFIED	LANG;LC_ALL;LC_CTYPE;LC_MESSAGES;NLSPATH	UNVERIFIED	UNVERIFIED	UNVERIFIED	UNVERIFIED	XCU:uniq:SYNOPSIS,OPTIONS,OPERANDS,ENVIRONMENT_VARIABLES,STDIN,INPUT_FILES,STDOUT,STDERR,OUTPUT_FILES,EXIT_STATUS,CONSEQUENCES_OF_ERRORS	POSIX08-2016:https://pubs.opengroup.org/onlinepubs/9699919799.2016edition/utilities/uniq.html	cmds/uniq	-	-	-	-	unverified
uudecode	go	cmds/uudecode	go	cmds/uudecode	flagset	uudecode [-o outfile] [file]	-	base	-o	-	POSIX Issue 7 only; GNU compatibility is out of scope	-o=<outfile>	file	UNVERIFIED	UNVERIFIED	UNVERIFIED	LANG;LC_ALL;LC_CTYPE;LC_MESSAGES;NLSPATH	UNVERIFIED	UNVERIFIED	UNVERIFIED	UNVERIFIED	XCU:uudecode:SYNOPSIS,OPTIONS,OPERANDS,ENVIRONMENT_VARIABLES,STDIN,INPUT_FILES,STDOUT,STDERR,OUTPUT_FILES,EXIT_STATUS,CONSEQUENCES_OF_ERRORS	POSIX08-2016:https://pubs.opengroup.org/onlinepubs/9699919799.2016edition/utilities/uudecode.html	cmds/uudecode	-	-	-	-	unverified
uuencode	go	cmds/uuencode	go	cmds/uuencode	flagset	uuencode [-m] [file] decode_pathname	-	base	-m	-	POSIX Issue 7 only; GNU compatibility is out of scope	-	decode_pathname;file	UNVERIFIED	UNVERIFIED	UNVERIFIED	LANG;LC_ALL;LC_CTYPE;LC_MESSAGES;NLSPATH	UNVERIFIED	UNVERIFIED	UNVERIFIED	UNVERIFIED	XCU:uuencode:SYNOPSIS,OPTIONS,OPERANDS,ENVIRONMENT_VARIABLES,STDIN,INPUT_FILES,STDOUT,STDERR,OUTPUT_FILES,EXIT_STATUS,CONSEQUENCES_OF_ERRORS	POSIX08-2016:https://pubs.opengroup.org/onlinepubs/9699919799.2016edition/utilities/uuencode.html	cmds/uuencode	-	-	-	-	unverified
vi	external_provider	cmds/posixproviders	external_provider	pkg/posixprovider/manifest.tsv#vi	external	-	optional::vi [-rR] [-c command] [-t tagstring] [-w size] [file...]	optional	-	optional:-c,-r,-R,-t,-w	POSIX Issue 7 only; GNU compatibility is out of scope	-c=<command>;-t=<tagstring>;-w=<size>	file	UNVERIFIED	UNVERIFIED	UNVERIFIED	COLUMNS;EXINIT;HOME;LANG;LC_ALL;LC_COLLATE;LC_CTYPE;LC_MESSAGES;LINES;NLSPATH;PATH;SHELL;TERM	UNVERIFIED	UNVERIFIED	UNVERIFIED	UNVERIFIED	XCU:vi:SYNOPSIS,OPTIONS,OPERANDS,ENVIRONMENT_VARIABLES,STDIN,INPUT_FILES,STDOUT,STDERR,OUTPUT_FILES,EXIT_STATUS,CONSEQUENCES_OF_ERRORS	POSIX08-2016:https://pubs.opengroup.org/onlinepubs/9699919799.2016edition/utilities/vi.html	-	-	-	-	-	unverified
wait	shell_only	-	shell	shell:wait	shell_builtin	wait [pid...]	-	base	-	-	POSIX Issue 7 only; GNU compatibility is out of scope	-	pid	UNVERIFIED	UNVERIFIED	UNVERIFIED	LANG;LC_ALL;LC_CTYPE;LC_MESSAGES;NLSPATH	UNVERIFIED	UNVERIFIED	UNVERIFIED	UNVERIFIED	XCU:wait:SYNOPSIS,OPTIONS,OPERANDS,ENVIRONMENT_VARIABLES,STDIN,INPUT_FILES,STDOUT,STDERR,OUTPUT_FILES,EXIT_STATUS,CONSEQUENCES_OF_ERRORS	POSIX08-2016:https://pubs.opengroup.org/onlinepubs/9699919799.2016edition/utilities/wait.html	-	-	-	bashy:internal/cli/profile_b_routing_test.go#TestProfileBRouteWait	-	unverified
wc	go	cmds/wc	go	cmds/wc	flagset	wc [-c|-m] [-lw] [file...]	-	base	-c;-l;-m;-w	-	POSIX Issue 7 only; GNU compatibility is out of scope	-	file	UNVERIFIED	UNVERIFIED	UNVERIFIED	LANG;LC_ALL;LC_CTYPE;LC_MESSAGES;NLSPATH	UNVERIFIED	UNVERIFIED	UNVERIFIED	UNVERIFIED	XCU:wc:SYNOPSIS,OPTIONS,OPERANDS,ENVIRONMENT_VARIABLES,STDIN,INPUT_FILES,STDOUT,STDERR,OUTPUT_FILES,EXIT_STATUS,CONSEQUENCES_OF_ERRORS	POSIX08-2016:https://pubs.opengroup.org/onlinepubs/9699919799.2016edition/utilities/wc.html	cmds/wc	-	-	-	-	unverified
who	go	cmds/who	go	cmds/who	flagset	who -q [file] ; who am i ; who am I	xsi::who [-mTu] [-abdHlprt] [file] ; xsi::who [-mu] -s [-bHlprt] [file]	base;xsi	-q	xsi:-a,-b,-d,-H,-l,-m,-p,-r,-s,-t,-T,-u	POSIX Issue 7 only; GNU compatibility is out of scope	-	am i, am I;file	UNVERIFIED	UNVERIFIED	UNVERIFIED	LANG;LC_ALL;LC_CTYPE;LC_MESSAGES;LC_TIME;NLSPATH;TZ	UNVERIFIED	UNVERIFIED	UNVERIFIED	UNVERIFIED	XCU:who:SYNOPSIS,OPTIONS,OPERANDS,ENVIRONMENT_VARIABLES,STDIN,INPUT_FILES,STDOUT,STDERR,OUTPUT_FILES,EXIT_STATUS,CONSEQUENCES_OF_ERRORS	POSIX08-2016:https://pubs.opengroup.org/onlinepubs/9699919799.2016edition/utilities/who.html	cmds/who	-	-	-	-	unverified
write	go	cmds/write	go	cmds/write	flagset	write user_name [terminal]	-	base	-	-	POSIX Issue 7 only; GNU compatibility is out of scope	-	user_name;terminal	UNVERIFIED	UNVERIFIED	UNVERIFIED	LANG;LC_ALL;LC_CTYPE;LC_MESSAGES;NLSPATH	UNVERIFIED	UNVERIFIED	UNVERIFIED	UNVERIFIED	XCU:write:SYNOPSIS,OPTIONS,OPERANDS,ENVIRONMENT_VARIABLES,STDIN,INPUT_FILES,STDOUT,STDERR,OUTPUT_FILES,EXIT_STATUS,CONSEQUENCES_OF_ERRORS	POSIX08-2016:https://pubs.opengroup.org/onlinepubs/9699919799.2016edition/utilities/write.html	cmds/write	-	-	-	-	unverified
xargs	go	cmds/xargs	go	cmds/xargs	manual	-	xsi::xargs [-ptx] [-E eofstr] [-I replstr|-L number|-n number] [-s size] [utility [argument...]]	xsi	-	xsi:-E,-I,-L,-n,-p,-s,-t,-x	POSIX Issue 7 only; GNU compatibility is out of scope	-E=<eofstr>;-I=<replstr>;-L=<number>;-n=<number>;-s=<size>	utility;argument	Use utility and each initial argument first, then append arguments constructed from logical lines read from standard input.	-- ends xargs option parsing; a lone - begins the utility operand because it is not an xargs option.	Read logical lines and construct arguments using blank, newline, quote, and backslash rules; /dev/tty supplies -p responses.	LANG;LC_ALL;LC_COLLATE;LC_CTYPE;LC_MESSAGES;NLSPATH;PATH	Not used by xargs itself; the invoked utility can write to its inherited standard output.	Used for diagnostics, every generated command line under -t, and both the generated command line and prompt under -p.	invokes_utility	0 if all utility invocations return 0; 1-125 if a command line cannot be assembled, an invocation returns non-zero, or another error occurs; 126 if utility is found but cannot be invoked; 127 if utility cannot be found.	XCU:xargs:SYNOPSIS,OPTIONS,OPERANDS,ENVIRONMENT_VARIABLES,STDIN,INPUT_FILES,STDOUT,STDERR,OUTPUT_FILES,EXIT_STATUS,CONSEQUENCES_OF_ERRORS	POSIX08-2016:https://pubs.opengroup.org/onlinepubs/9699919799.2016edition/utilities/xargs.html	cmds/xargs	cmds/xargs/xargs_test.go;cmds/xargs/xargs_resolve_test.go	-	-	-	partial
